札幌市,,https://www.city.sapporo.jp/,北海道
函館市,,https://www.city.hakodate.hokkaido.jp/,北海道
小樽市,,https://www.city.otaru.lg.jp/,北海道
旭川市,,https://www.city.asahikawa.hokkaido.jp/,北海道
室蘭市,,https://www.city.muroran.lg.jp/,北海道
釧路市,,https://www.city.kushiro.lg.jp/,北海道
帯広市,,https://www.city.obihiro.hokkaido.jp/,北海道
北見市,,https://www.city.kitami.lg.jp/,北海道
夕張市,,https://www.city.yubari.lg.jp/,北海道
岩見沢市,,https://www.city.iwamizawa.hokkaido.jp/,北海道
網走市,,https://www.city.abashiri.hokkaido.jp/,北海道
留萌市,,https://www.e-rumoi.jp/,北海道
苫小牧市,,http://www.city.tomakomai.hokkaido.jp/,北海道
稚内市,,https://www.city.wakkanai.hokkaido.jp/,北海道
美唄市,,http://www.city.bibai.hokkaido.jp/,北海道
芦別市,,https://www.city.ashibetsu.hokkaido.jp/,北海道
江別市,,https://www.city.ebetsu.hokkaido.jp/,北海道
赤平市,,http://www.city.akabira.hokkaido.jp/,北海道
紋別市,,https://mombetsu.jp/,北海道
士別市,,http://www.city.shibetsu.lg.jp/www/index.html,北海道
名寄市,,http://www.city.nayoro.lg.jp/,北海道
三笠市,,https://www.city.mikasa.hokkaido.jp/,北海道
根室市,,https://www.city.nemuro.hokkaido.jp/,北海道
千歳市,,https://www.city.chitose.hokkaido.jp/index_chitose.html,北海道
滝川市,,https://www.city.takikawa.hokkaido.jp/,北海道
砂川市,,https://www.city.sunagawa.hokkaido.jp/,北海道
歌志内市,,https://www.city.utashinai.hokkaido.jp/,北海道
深川市,,https://www.city.fukagawa.lg.jp/,北海道
富良野市,,http://www.city.furano.hokkaido.jp/,北海道
登別市,,http://www.city.noboribetsu.lg.jp/,北海道
恵庭市,,http://www.city.eniwa.hokkaido.jp/www/toppage/0000000000000/APM03000.html,北海道
伊達市,,https://www.city.date.hokkaido.jp/,北海道
北広島市,,https://www.city.kitahiroshima.hokkaido.jp/,北海道
石狩市,,http://www.city.ishikari.hokkaido.jp/,北海道
北斗市,,https://www.city.hokuto.hokkaido.jp/index.html,北海道
当別町,,https://www.town.tobetsu.hokkaido.jp/,北海道
新篠津村,,https://www.vill.shinshinotsu.hokkaido.jp/,北海道
松前町,,https://www.town.matsumae.hokkaido.jp/,北海道
福島町,,http://www.town.fukushima.hokkaido.jp/,北海道
知内町,,https://www.town.shiriuchi.hokkaido.jp/,北海道
木古内町,,https://www.town.kikonai.hokkaido.jp/,北海道
七飯町,,https://www.town.nanae.hokkaido.jp/,北海道
鹿部町,,http://www.town.shikabe.lg.jp/,北海道
森町,,https://www.town.hokkaido-mori.lg.jp/,北海道
八雲町,,https://www.town.yakumo.lg.jp/,北海道
長万部町,,http://www.town.oshamambe.lg.jp/index.php,北海道
江差町,,https://www.hokkaido-esashi.jp/,北海道
上ノ国町,,http://www.town.kaminokuni.lg.jp/,北海道
厚沢部町,,https://www.town.assabu.lg.jp/index.php,北海道
乙部町,,https://www.town.otobe.lg.jp/,北海道
奥尻町,,http://www.town.okushiri.lg.jp/,北海道
今金町,,https://www.town.imakane.lg.jp/,北海道
せたな町,,https://www.town.setana.lg.jp/,北海道
島牧村,,http://www.vill.shimamaki.lg.jp/,北海道
寿都町,,http://www.town.suttu.lg.jp/,北海道
黒松内町,,http://www.kuromatsunai.com/,北海道
蘭越町,,https://www.town.rankoshi.hokkaido.jp/,北海道
ニセコ町,,https://www.town.niseko.lg.jp/,北海道
真狩村,,http://makkari.info/,北海道
留寿都村,,https://www.vill.rusutsu.lg.jp/,北海道
喜茂別町,,http://www.town.kimobetsu.hokkaido.jp/,北海道
京極町,,http://www.town-kyogoku.jp/,北海道
倶知安町,,https://www.town.kutchan.hokkaido.jp/,北海道
共和町,,https://www.town.kyowa.hokkaido.jp/,北海道
岩内町,,https://www.town.iwanai.hokkaido.jp/,北海道
泊村,,http://www.vill.tomari.hokkaido.jp/,北海道
神恵内村,,https://www.vill.kamoenai.hokkaido.jp/,北海道
積丹町,,http://www.town.shakotan.hokkaido.jp/,北海道
古平町,,http://www.town.furubira.lg.jp/,北海道
仁木町,,http://www.town.niki.hokkaido.jp/,北海道
余市町,,https://www.town.yoichi.hokkaido.jp/,北海道
赤井川村,,https://www.akaigawa.com/,北海道
南幌町,,http://www.town.nanporo.hokkaido.jp/,北海道
奈井江町,,http://www.town.naie.hokkaido.jp/,北海道
上砂川町,,http://town.kamisunagawa.hokkaido.jp/,北海道
由仁町,,http://www.town.yuni.lg.jp/,北海道
長沼町,,https://www.maoi-net.jp/,北海道
栗山町,,http://www.town.kuriyama.hokkaido.jp/,北海道
月形町,,https://www.town.tsukigata.hokkaido.jp/,北海道
浦臼町,,https://www.town.urausu.hokkaido.jp/,北海道
新十津川町,,https://www.town.shintotsukawa.lg.jp/,北海道
妹背牛町,,https://www.town.moseushi.hokkaido.jp/,北海道
秩父別町,,http://www.town.chippubetsu.hokkaido.jp/,北海道
雨竜町,,https://www.town.uryu.hokkaido.jp/,北海道
北竜町,,http://www.town.hokuryu.hokkaido.jp/,北海道
沼田町,,https://www.town.numata.hokkaido.jp/,北海道
鷹栖町,,https://www.town.takasu.hokkaido.jp/,北海道
東神楽町,,https://www.town.higashikagura.lg.jp/,北海道
当麻町,,http://town.tohma.hokkaido.jp/,北海道
比布町,,http://www.town.pippu.hokkaido.jp/,北海道
愛別町,,http://www.town.aibetsu.hokkaido.jp/,北海道
上川町,,https://www.town.hokkaido-kamikawa.lg.jp/,北海道
東川町,,https://town.higashikawa.hokkaido.jp/,北海道
美瑛町,,https://town.biei.hokkaido.jp/,北海道
上富良野町,,https://www.town.kamifurano.hokkaido.jp/,北海道
中富良野町,,https://www.town.nakafurano.lg.jp/,北海道
南富良野町,,https://www.town.minamifurano.hokkaido.jp/,北海道
占冠村,,http://www.vill.shimukappu.lg.jp/,北海道
和寒町,,https://www.town.wassamu.hokkaido.jp/,北海道
剣淵町,,https://www.town.kembuchi.hokkaido.jp/wp-content/cache/all//index.html,北海道
下川町,,https://www.town.shimokawa.hokkaido.jp/,北海道
美深町,,http://www.town.bifuka.hokkaido.jp/,北海道
音威子府村,,https://www.vill.otoineppu.hokkaido.jp/,北海道
中川町,,http://www.town.nakagawa.hokkaido.jp/,北海道
幌加内町,,http://www.town.horokanai.hokkaido.jp/,北海道
増毛町,,https://www.town.mashike.hokkaido.jp/,北海道
小平町,,https://www.town.obira.hokkaido.jp/,北海道
苫前町,,http://www.town.tomamae.lg.jp/,北海道
羽幌町,,https://www.town.haboro.lg.jp/,北海道
初山別村,,http://www.vill.shosanbetsu.lg.jp/,北海道
遠別町,,http://www.town.embetsu.hokkaido.jp/,北海道
天塩町,,http://www.teshiotown.hokkaido.jp/,北海道
猿払村,,https://www.vill.sarufutsu.hokkaido.jp/,北海道
浜頓別町,,http://www.town.hamatonbetsu.hokkaido.jp/,北海道
中頓別町,,http://www.town.nakatombetsu.hokkaido.jp/,北海道
枝幸町,,http://www.town.esashi.hokkaido.jp/transfer.html,北海道
豊富町,,https://www.town.toyotomi.hokkaido.jp/,北海道
礼文町,,https://www.town.rebun.hokkaido.jp/,北海道
利尻町,,http://www.town.rishiri.hokkaido.jp/2s_index.htm,北海道
利尻富士町,,https://www.town.rishirifuji.hokkaido.jp/,北海道
幌延町,,http://www.town.horonobe.hokkaido.jp/,北海道
美幌町,,http://www.town.bihoro.hokkaido.jp/,北海道
津別町,,https://www.town.tsubetsu.hokkaido.jp/,北海道
斜里町,,https://www.town.shari.hokkaido.jp/,北海道
清里町,,https://www.town.kiyosato.hokkaido.jp/,北海道
小清水町,,https://www.town.koshimizu.hokkaido.jp/,北海道
訓子府町,,http://www.town.kunneppu.hokkaido.jp/,北海道
置戸町,,http://www.town.oketo.hokkaido.jp/,北海道
佐呂間町,,https://www.town.saroma.hokkaido.jp/,北海道
遠軽町,,http://engaru.jp/,北海道
湧別町,,https://www.town.yubetsu.lg.jp/,北海道
滝上町,,https://www.town.takinoue.hokkaido.jp/,北海道
興部町,,https://www.town.okoppe.lg.jp/cms/,北海道
西興部村,,https://www.vill.nishiokoppe.lg.jp/,北海道
雄武町,,http://www.town.oumu.hokkaido.jp/,北海道
大空町,,http://www.town.ozora.hokkaido.jp/,北海道
豊浦町,,https://www.town.toyoura.hokkaido.jp/,北海道
壮瞥町,,https://www.town.sobetsu.lg.jp/,北海道
白老町,,http://www.town.shiraoi.hokkaido.jp/,北海道
厚真町,,http://www.town.atsuma.lg.jp/office/,北海道
洞爺湖町,,http://www.town.toyako.hokkaido.jp/,北海道
安平町,,https://www.town.abira.lg.jp/,北海道
むかわ町,,http://www.town.mukawa.lg.jp/,北海道
日高町,,https://www.town.hidaka.hokkaido.jp/,北海道
平取町,,http://www.town.biratori.hokkaido.jp/,北海道
新冠町,,http://www.niikappu.jp/,北海道
浦河町,,https://www.town.urakawa.hokkaido.jp/,北海道
様似町,,http://www.samani.jp/,北海道
えりも町,,https://www.town.erimo.lg.jp/,北海道
新ひだか町,,https://www.shinhidaka-hokkaido.jp/,北海道
音更町,,https://www.town.otofuke.hokkaido.jp/,北海道
士幌町,,http://www.shihoro.jp/,北海道
上士幌町,,https://www.kamishihoro.jp/,北海道
鹿追町,,https://www.town.shikaoi.lg.jp/,北海道
新得町,,https://www.shintoku-town.jp/,北海道
清水町,,https://www.town.shimizu.hokkaido.jp/,北海道
芽室町,,http://www.memuro.net/,北海道
中札内村,,http://www.vill.nakasatsunai.hokkaido.jp/,北海道
更別村,,https://www.sarabetsu.jp/,北海道
大樹町,,https://www.town.taiki.hokkaido.jp/,北海道
広尾町,,http://www.town.hiroo.hokkaido.jp/,北海道
幕別町,,https://www.town.makubetsu.lg.jp/,北海道
池田町,,https://www.town.hokkaido-ikeda.lg.jp/,北海道
豊頃町,,http://www.toyokoro.jp/,北海道
本別町,,https://www.town.honbetsu.hokkaido.jp/,北海道
足寄町,,https://www.town.ashoro.hokkaido.jp/,北海道
陸別町,,https://www.rikubetsu.jp/,北海道
浦幌町,,https://www.urahoro.jp/,北海道
釧路町,,http://www.town.kushiro.lg.jp/,北海道
厚岸町,,https://www.akkeshi-town.jp/,北海道
浜中町,,https://www.townhamanaka.jp/,北海道
標茶町,,http://www.town.shibecha.hokkaido.jp/,北海道
弟子屈町,,https://www.town.teshikaga.hokkaido.jp/,北海道
鶴居村,,https://www.vill.tsurui.lg.jp/,北海道
白糠町,,https://www.town.shiranuka.lg.jp/,北海道
別海町,,https://betsukai.jp/,北海道
中標津町,,https://www.nakashibetsu.jp/,北海道
標津町,,https://www.shibetsutown.jp/,北海道
羅臼町,,http://www.rausu-town.jp/,北海道
青森市,,https://www.city.aomori.aomori.jp/,青森県
弘前市,,https://www.city.hirosaki.aomori.jp/,青森県
八戸市,,https://www.city.hachinohe.aomori.jp/,青森県
黒石市,,http://www.city.kuroishi.aomori.jp/,青森県
五所川原市,,https://www.city.goshogawara.lg.jp/,青森県
十和田市,,http://www.city.towada.lg.jp/,青森県
三沢市,,https://www.city.misawa.lg.jp/,青森県
むつ市,,https://www.city.mutsu.lg.jp/,青森県
つがる市,,https://www.city.tsugaru.aomori.jp/,青森県
平川市,,https://www.city.hirakawa.lg.jp/,青森県
平内町,,http://www.town.hiranai.aomori.jp/,青森県
今別町,,https://www.town.imabetsu.lg.jp/,青森県
蓬田村,,http://www.vill.yomogita.lg.jp/,青森県
外ヶ浜町,,http://www.town.sotogahama.lg.jp/,青森県
鰺ヶ沢町,,http://www.town.ajigasawa.lg.jp/,青森県
深浦町,,https://www.town.fukaura.lg.jp/,青森県
西目屋村,,https://www.nishimeya.jp/,青森県
藤崎町,,http://www.town.fujisaki.lg.jp/,青森県
大鰐町,,http://www.town.owani.lg.jp/,青森県
田舎館村,,http://www.vill.inakadate.lg.jp/,青森県
板柳町,,https://www.town.itayanagi.aomori.jp/,青森県
鶴田町,,https://www.town.tsuruta.aomori.jp/,青森県
中泊町,,http://www.town.nakadomari.lg.jp/index.cfm,青森県
野辺地町,,http://www.town.noheji.aomori.jp/,青森県
七戸町,,https://www.town.shichinohe.lg.jp/,青森県
六戸町,,http://www.town.rokunohe.aomori.jp/,青森県
横浜町,,http://www.town.yokohama.lg.jp/,青森県
東北町,,http://www.town.tohoku.lg.jp/,青森県
六ヶ所村,,http://www.rokkasho.jp/,青森県
おいらせ町,,https://www.town.oirase.aomori.jp/,青森県
大間町,,http://www.town.ooma.lg.jp/,青森県
東通村,,http://www.vill.higashidoori.lg.jp/,青森県
風間浦村,,https://www.kazamaura.jp/,青森県
佐井村,,http://www.vill.sai.lg.jp/,青森県
三戸町,,https://town.sannohe.aomori.jp/,青森県
五戸町,,https://www.town.gonohe.aomori.jp/,青森県
田子町,,http://www.town.takko.lg.jp/,青森県
南部町,,https://www.town.aomori-nanbu.lg.jp/,青森県
階上町,,https://www.town.hashikami.lg.jp/,青森県
新郷村,,http://www.vill.shingo.aomori.jp/,青森県
盛岡市,,https://www.city.morioka.iwate.jp/,岩手県
宮古市,,https://www.city.miyako.iwate.jp/,岩手県
大船渡市,,http://www.city.ofunato.iwate.jp/www/toppage/0000000000000/APM03000.html,岩手県
花巻市,,https://www.city.hanamaki.iwate.jp/,岩手県
北上市,,https://www.city.kitakami.iwate.jp/,岩手県
久慈市,,https://www.city.kuji.iwate.jp/index.html,岩手県
遠野市,,https://www.city.tono.iwate.jp/,岩手県
一関市,,https://www.city.ichinoseki.iwate.jp/,岩手県
陸前高田市,,http://www.city.rikuzentakata.iwate.jp/,岩手県
釜石市,,http://www.city.kamaishi.iwate.jp/,岩手県
二戸市,,https://www.city.ninohe.lg.jp/forms/top/top.aspx,岩手県
八幡平市,,https://www.city.hachimantai.lg.jp/,岩手県
奥州市,,https://www.city.oshu.iwate.jp/,岩手県
滝沢市,,http://www.city.takizawa.iwate.jp/,岩手県
雫石町,,https://www.town.shizukuishi.iwate.jp/,岩手県
葛巻町,,https://www.town.kuzumaki.iwate.jp/,岩手県
岩手町,,http://town.iwate.iwate.jp/,岩手県
紫波町,,https://www.town.shiwa.iwate.jp/,岩手県
矢巾町,,https://www.town.yahaba.iwate.jp/,岩手県
西和賀町,,http://www.town.nishiwaga.lg.jp/,岩手県
金ケ崎町,,http://www.town.kanegasaki.iwate.jp/,岩手県
平泉町,,https://www.town.hiraizumi.iwate.jp/,岩手県
住田町,,https://www.town.sumita.iwate.jp/,岩手県
大槌町,,https://www.town.otsuchi.iwate.jp/,岩手県
山田町,,https://www.town.yamada.iwate.jp/,岩手県
岩泉町,,https://www.town.iwaizumi.lg.jp/,岩手県
田野畑村,,https://www.vill.tanohata.iwate.jp/,岩手県
普代村,,http://www.vill.fudai.iwate.jp/,岩手県
軽米町,,http://www.town.karumai.iwate.jp/index.html,岩手県
野田村,,https://www.vill.noda.iwate.jp/,岩手県
九戸村,,http://www.vill.kunohe.iwate.jp/,岩手県
洋野町,,http://www.town.hirono.iwate.jp/,岩手県
一戸町,,http://www.town.ichinohe.iwate.jp/,岩手県
仙台市,,https://www.city.sendai.jp/,宮城県
石巻市,,https://www.city.ishinomaki.lg.jp/,宮城県
塩竈市,,https://www.city.shiogama.miyagi.jp/,宮城県
気仙沼市,,https://www.kesennuma.miyagi.jp/,宮城県
白石市,,https://www.city.shiroishi.miyagi.jp/,宮城県
名取市,,https://www.city.natori.miyagi.jp/,宮城県
角田市,,http://www.city.kakuda.lg.jp/,宮城県
多賀城市,,https://www.city.tagajo.miyagi.jp/,宮城県
岩沼市,,https://www.city.iwanuma.miyagi.jp/,宮城県
登米市,,https://www.city.tome.miyagi.jp/,宮城県
栗原市,,https://www.kuriharacity.jp/,宮城県
東松島市,,https://www.city.higashimatsushima.miyagi.jp/,宮城県
大崎市,,https://www.city.osaki.miyagi.jp/,宮城県
富谷市,,https://www.tomiya-city.miyagi.jp/,宮城県
蔵王町,,http://www.town.zao.miyagi.jp/,宮城県
七ヶ宿町,,,宮城県
大河原町,,https://www.town.ogawara.miyagi.jp/,宮城県
村田町,,http://www.town.murata.miyagi.jp/,宮城県
柴田町,,https://www.town.shibata.miyagi.jp/,宮城県
川崎町,,http://www.town.kawasaki.miyagi.jp/,宮城県
丸森町,,http://www.town.marumori.miyagi.jp/,宮城県
亘理町,,https://www.town.watari.miyagi.jp/,宮城県
山元町,,https://www.town.yamamoto.miyagi.jp/,宮城県
松島町,,https://www.town.miyagi-matsushima.lg.jp/,宮城県
七ヶ浜町,,https://www.shichigahama.com/,宮城県
利府町,,http://www.town.rifu.miyagi.jp/www/toppage/0000000000000/APM03000.html,宮城県
大和町,,https://www.town.taiwa.miyagi.jp/,宮城県
大郷町,,https://www.town.miyagi-osato.lg.jp/,宮城県
大衡村,,http://www.village.ohira.miyagi.jp/,宮城県
色麻町,,http://www.town.shikama.miyagi.jp/,宮城県
加美町,,http://www.town.kami.miyagi.jp/,宮城県
涌谷町,,http://www.town.wakuya.miyagi.jp/,宮城県
美里町,,http://www.town.misato.miyagi.jp/,宮城県
女川町,,http://www.town.onagawa.miyagi.jp/,宮城県
南三陸町,,https://www.town.minamisanriku.miyagi.jp/,宮城県
秋田市,,https://www.city.akita.akita.jp/,秋田県
能代市,,https://www.city.noshiro.akita.jp/,秋田県
横手市,,https://www.city.yokote.lg.jp/,秋田県
大館市,,http://www.city.odate.akita.jp/,秋田県
男鹿市,,http://www.city.oga.akita.jp/,秋田県
湯沢市,,http://www.city-yuzawa.jp/,秋田県
鹿角市,,https://www.city.kazuno.akita.jp/,秋田県
由利本荘市,,https://www.city.yurihonjo.lg.jp/,秋田県
潟上市,,http://www.city.katagami.lg.jp/,秋田県
大仙市,,https://www.city.daisen.akita.jp/,秋田県
北秋田市,,https://www.city.kitaakita.akita.jp/,秋田県
にかほ市,,https://www.city.nikaho.akita.jp/,秋田県
仙北市,,https://www.city.semboku.akita.jp/,秋田県
小坂町,,https://www.town.kosaka.akita.jp/,秋田県
上小阿仁村,,https://www.vill.kamikoani.akita.jp/forms/top/top.aspx,秋田県
藤里町,,https://www.town.fujisato.akita.jp/,秋田県
三種町,,https://www.town.mitane.akita.jp/,秋田県
八峰町,,https://www.town.happou.akita.jp/,秋田県
五城目町,,https://www.town.gojome.akita.jp/,秋田県
八郎潟町,,https://www.town.hachirogata.akita.jp/,秋田県
井川町,,http://www.town.ikawa.akita.jp/,秋田県
大潟村,,https://www.ogata.or.jp/,秋田県
美郷町,,https://www.town.misato.akita.jp/,秋田県
羽後町,,https://www.town.ugo.lg.jp/,秋田県
東成瀬村,,http://www.higashinaruse.com/,秋田県
山形市,,https://www.city.yamagata-yamagata.lg.jp/,山形県
米沢市,,http://www.city.yonezawa.yamagata.jp/,山形県
鶴岡市,,https://www.city.tsuruoka.lg.jp/,山形県
酒田市,,https://www.city.sakata.lg.jp/,山形県
新庄市,,https://www.city.shinjo.yamagata.jp/,山形県
寒河江市,,https://www.city.sagae.yamagata.jp/,山形県
上山市,,https://www.city.kaminoyama.yamagata.jp/,山形県
村山市,,https://www.city.murayama.lg.jp/,山形県
長井市,,https://www.city.nagai.yamagata.jp/,山形県
天童市,,https://www.city.tendo.yamagata.jp/,山形県
東根市,,https://www.city.higashine.yamagata.jp/,山形県
尾花沢市,,http://www.city.obanazawa.yamagata.jp/,山形県
南陽市,,http://www.city.nanyo.yamagata.jp/,山形県
山辺町,,https://www.town.yamanobe.yamagata.jp/,山形県
中山町,,https://www.town.nakayama.yamagata.jp/,山形県
河北町,,http://www.town.kahoku.yamagata.jp/,山形県
西川町,,https://www.town.nishikawa.yamagata.jp/,山形県
朝日町,,https://www.town.asahi.yamagata.jp/,山形県
大江町,,http://www.town.oe.yamagata.jp/,山形県
大石田町,,https://www.town.oishida.yamagata.jp/,山形県
金山町,,https://www.town.kaneyama.yamagata.jp/,山形県
最上町,,http://mogami.tv/,山形県
舟形町,,http://www.town.funagata.yamagata.jp/,山形県
真室川町,,http://www.yume-net.org/,山形県
大蔵村,,http://www.vill.ohkura.yamagata.jp/,山形県
鮭川村,,http://www.vill.sakegawa.yamagata.jp/,山形県
戸沢村,,http://www.vill.tozawa.yamagata.jp/,山形県
高畠町,,https://www.town.takahata.yamagata.jp/,山形県
川西町,,https://www.town.kawanishi.yamagata.jp/,山形県
小国町,,http://www.town.oguni.yamagata.jp/,山形県
白鷹町,,http://www.town.shirataka.lg.jp/,山形県
飯豊町,,https://www.town.iide.yamagata.jp/,山形県
三川町,,https://www.town.mikawa.yamagata.jp/,山形県
庄内町,,https://www.town.shonai.lg.jp/,山形県
遊佐町,,http://www.town.yuza.yamagata.jp/,山形県
福島市,,https://www.city.fukushima.fukushima.jp/,福島県
会津若松市,,https://www.city.aizuwakamatsu.fukushima.jp/,福島県
郡山市,,https://www.city.koriyama.fukushima.jp/index.html,福島県
いわき市,,http://www.city.iwaki.lg.jp/www/index.html,福島県
白河市,,http://www.city.shirakawa.fukushima.jp/,福島県
須賀川市,,https://www.city.sukagawa.fukushima.jp/,福島県
喜多方市,,https://www.city.kitakata.fukushima.jp/,福島県
相馬市,,https://www.city.soma.fukushima.jp/,福島県
二本松市,,http://www.city.nihonmatsu.lg.jp/,福島県
田村市,,http://www.city.tamura.lg.jp/,福島県
南相馬市,,https://www.city.minamisoma.lg.jp/,福島県
伊達市,,https://www.city.fukushima-date.lg.jp/,福島県
本宮市,,https://www.city.motomiya.lg.jp/,福島県
桑折町,,https://www.town.koori.fukushima.jp/,福島県
国見町,,https://www.town.kunimi.fukushima.jp/,福島県
川俣町,,https://www.town.kawamata.lg.jp/,福島県
大玉村,,https://www.vill.otama.fukushima.jp/,福島県
鏡石町,,https://www.town.kagamiishi.fukushima.jp/,福島県
天栄村,,https://www.vill.tenei.fukushima.jp/,福島県
下郷町,,https://www.town.shimogo.fukushima.jp/,福島県
檜枝岐村,,http://www.hinoemata.com/,福島県
只見町,,https://www.town.tadami.lg.jp/,福島県
南会津町,,http://www.minamiaizu.org/,福島県
北塩原村,,http://www.vill.kitashiobara.fukushima.jp/,福島県
西会津町,,https://www.town.nishiaizu.fukushima.jp/,福島県
磐梯町,,https://www.town.bandai.fukushima.jp/,福島県
猪苗代町,,https://www.town.inawashiro.fukushima.jp/,福島県
会津坂下町,,https://www.town.aizubange.fukushima.jp/,福島県
湯川村,,http://www.vill.yugawa.fukushima.jp/,福島県
柳津町,,https://www.town.yanaizu.fukushima.jp/,福島県
三島町,,http://www.town.mishima.fukushima.jp/,福島県
金山町,,https://www.town.kaneyama.fukushima.jp/,福島県
昭和村,,http://www.vill.showa.fukushima.jp/,福島県
会津美里町,,https://www.town.aizumisato.fukushima.jp/,福島県
西郷村,,https://www.vill.nishigo.fukushima.jp/,福島県
泉崎村,,https://www.vill.izumizaki.fukushima.jp/,福島県
中島村,,http://www.vill-nakajima.jp/,福島県
矢吹町,,http://www.town.yabuki.fukushima.jp/,福島県
棚倉町,,http://www.town.tanagura.fukushima.jp/,福島県
矢祭町,,http://www.town.yamatsuri.fukushima.jp/,福島県
塙町,,http://www.town.hanawa.fukushima.jp/,福島県
鮫川村,,https://www.vill.samegawa.fukushima.jp/,福島県
石川町,,http://www.town.ishikawa.fukushima.jp/,福島県
玉川村,,https://www.vill.tamakawa.fukushima.jp/,福島県
平田村,,https://www.vill.hirata.fukushima.jp/,福島県
浅川町,,http://www.town.asakawa.fukushima.jp/,福島県
古殿町,,https://www.town.furudono.fukushima.jp/,福島県
三春町,,http://www.town.miharu.fukushima.jp/,福島県
小野町,,http://www.town.ono.fukushima.jp/,福島県
広野町,,https://www.town.hirono.fukushima.jp/,福島県
楢葉町,,https://www.town.naraha.lg.jp/,福島県
富岡町,,https://www.tomioka-town.jp/,福島県
川内村,,http://www.kawauchimura.jp/,福島県
大熊町,,https://www.town.okuma.fukushima.jp/,福島県
双葉町,,https://www.town.fukushima-futaba.lg.jp/,福島県
浪江町,,https://www.town.namie.fukushima.jp/,福島県
葛尾村,,https://www.katsurao.org/,福島県
新地町,,https://www.shinchi-town.jp/,福島県
飯舘村,,https://www.vill.iitate.fukushima.jp/,福島県
水戸市,,https://www.city.mito.lg.jp/,茨城県
日立市,,https://www.city.hitachi.lg.jp/,茨城県
土浦市,,https://www.city.tsuchiura.lg.jp/index.html,茨城県
古河市,,https://www.city.ibaraki-koga.lg.jp/,茨城県
石岡市,,https://www.city.ishioka.lg.jp/,茨城県
結城市,,https://www.city.yuki.lg.jp/,茨城県
龍ケ崎市,,https://www.city.ryugasaki.ibaraki.jp/,茨城県
下妻市,,http://www.city.shimotsuma.lg.jp/,茨城県
常総市,,https://www.city.joso.lg.jp/,茨城県
常陸太田市,,http://www.city.hitachiota.ibaraki.jp/,茨城県
高萩市,,http://www.city.takahagi.ibaraki.jp/index.html,茨城県
北茨城市,,http://www.city.kitaibaraki.lg.jp/,茨城県
笠間市,,https://www.city.kasama.lg.jp/index.html,茨城県
取手市,,https://www.city.toride.ibaraki.jp/,茨城県
牛久市,,http://www.city.ushiku.lg.jp/,茨城県
つくば市,,https://www.city.tsukuba.lg.jp/,茨城県
ひたちなか市,,https://www.city.hitachinaka.lg.jp/,茨城県
鹿嶋市,,http://www.city.kashima.ibaraki.jp/,茨城県
潮来市,,https://www.city.itako.lg.jp/,茨城県
守谷市,,https://www.city.moriya.ibaraki.jp/,茨城県
常陸大宮市,,http://www.city.hitachiomiya.lg.jp/,茨城県
那珂市,,http://www.city.naka.lg.jp/,茨城県
筑西市,,https://www.city.chikusei.lg.jp/index.html,茨城県
坂東市,,http://www.city.bando.lg.jp/,茨城県
稲敷市,,https://www.city.inashiki.lg.jp/index.html,茨城県
かすみがうら市,,https://www.city.kasumigaura.lg.jp/,茨城県
桜川市,,http://www.city.sakuragawa.lg.jp/index.html,茨城県
神栖市,,https://www.city.kamisu.ibaraki.jp/,茨城県
行方市,,https://www.city.namegata.ibaraki.jp/,茨城県
鉾田市,,https://www.city.hokota.lg.jp/,茨城県
つくばみらい市,,https://www.city.tsukubamirai.lg.jp/,茨城県
小美玉市,,https://www.city.omitama.lg.jp/,茨城県
茨城町,,https://www.town.ibaraki.lg.jp/,茨城県
大洗町,,https://www.town.oarai.lg.jp/,茨城県
城里町,,http://www.town.shirosato.lg.jp/,茨城県
東海村,,https://www.vill.tokai.ibaraki.jp/,茨城県
大子町,,http://www.town.daigo.ibaraki.jp/,茨城県
美浦村,,https://www.vill.miho.lg.jp/,茨城県
阿見町,,https://www.town.ami.lg.jp/,茨城県
河内町,,http://www.town.ibaraki-kawachi.lg.jp/,茨城県
八千代町,,http://www.town.ibaraki-yachiyo.lg.jp/,茨城県
五霞町,,https://www.town.goka.lg.jp/,茨城県
境町,,http://www.town.sakai.ibaraki.jp/,茨城県
利根町,,http://www.town.tone.ibaraki.jp/,茨城県
宇都宮市,,https://www.city.utsunomiya.tochigi.jp/,栃木県
足利市,,https://www.city.ashikaga.tochigi.jp/,栃木県
栃木市,,https://www.city.tochigi.lg.jp/,栃木県
佐野市,,https://www.city.sano.lg.jp/,栃木県
鹿沼市,,https://www.city.kanuma.tochigi.jp/,栃木県
日光市,,https://www.city.nikko.lg.jp/,栃木県
小山市,,https://www.city.oyama.tochigi.jp/,栃木県
真岡市,,https://www.city.moka.lg.jp/,栃木県
大田原市,,https://www.city.ohtawara.tochigi.jp/,栃木県
矢板市,,https://www.city.yaita.tochigi.jp/,栃木県
那須塩原市,,https://www.city.nasushiobara.lg.jp/,栃木県
さくら市,,https://www.city.tochigi-sakura.lg.jp/,栃木県
那須烏山市,,https://www.city.nasukarasuyama.lg.jp/,栃木県
下野市,,https://www.city.shimotsuke.lg.jp/,栃木県
上三川町,,https://www.town.kaminokawa.tochigi.jp/,栃木県
益子町,,http://www.town.mashiko.tochigi.jp/,栃木県
茂木町,,https://www.town.motegi.tochigi.jp/,栃木県
市貝町,,https://www.town.ichikai.tochigi.jp/forms/top/top.aspx,栃木県
芳賀町,,https://www.town.haga.tochigi.jp/,栃木県
壬生町,,http://www.town.mibu.tochigi.jp/,栃木県
野木町,,http://www.town.nogi.lg.jp/,栃木県
塩谷町,,https://www.town.shioya.tochigi.jp/forms/top/top.aspx,栃木県
高根沢町,,https://www.town.takanezawa.tochigi.jp/,栃木県
那須町,,https://www.town.nasu.lg.jp/,栃木県
那珂川町,,http://www.town.tochigi-nakagawa.lg.jp/,栃木県
前橋市,,https://www.city.maebashi.gunma.jp/,群馬県
高崎市,,https://www.city.takasaki.gunma.jp/,群馬県
桐生市,,https://www.city.kiryu.lg.jp/,群馬県
伊勢崎市,,https://www.city.isesaki.lg.jp/,群馬県
太田市,,https://www.city.ota.gunma.jp/,群馬県
沼田市,,https://www.city.numata.gunma.jp/,群馬県
館林市,,http://www.city.tatebayashi.gunma.jp/,群馬県
渋川市,,https://www.city.shibukawa.lg.jp/,群馬県
藤岡市,,https://www.city.fujioka.gunma.jp/,群馬県
富岡市,,https://www.city.tomioka.lg.jp/www/toppage/0000000000000/APM03000.html,群馬県
安中市,,https://www.city.annaka.lg.jp/,群馬県
みどり市,,https://www.city.midori.gunma.jp/www/toppage/0000000000000/APM03000.html,群馬県
榛東村,,http://www.vill.shinto.gunma.jp/,群馬県
吉岡町,,https://www.town.yoshioka.gunma.jp/,群馬県
上野村,,http://www.uenomura.ne.jp/,群馬県
神流町,,http://www.town.kanna.gunma.jp/,群馬県
下仁田町,,https://www.town.shimonita.lg.jp/,群馬県
南牧村,,https://www.nanmoku.ne.jp/,群馬県
甘楽町,,http://www.town.kanra.gunma.jp/,群馬県
中之条町,,https://www.town.nakanojo.gunma.jp/,群馬県
長野原町,,http://www.town.naganohara.gunma.jp/,群馬県
嬬恋村,,https://www.vill.tsumagoi.gunma.jp/,群馬県
草津町,,https://www.town.kusatsu.gunma.jp/,群馬県
高山村,,https://vill.takayama.gunma.jp/,群馬県
東吾妻町,,http://www1.town.higashiagatsuma.gunma.jp/,群馬県
片品村,,https://www.vill.katashina.gunma.jp/,群馬県
川場村,,http://www.vill.kawaba.gunma.jp/,群馬県
昭和村,,https://www.vill.showa.gunma.jp/,群馬県
みなかみ町,,https://www.town.minakami.gunma.jp/,群馬県
玉村町,,https://www.town.tamamura.lg.jp/,群馬県
板倉町,,https://www.town.itakura.gunma.jp/,群馬県
明和町,,https://www.town.meiwa.gunma.jp/,群馬県
千代田町,,https://www.town.chiyoda.gunma.jp/,群馬県
大泉町,,https://www.town.oizumi.gunma.jp/,群馬県
邑楽町,,https://www.town.ora.gunma.jp/,群馬県
さいたま市,,https://www.city.saitama.jp/,埼玉県
川越市,,https://www.city.kawagoe.saitama.jp/,埼玉県
熊谷市,,https://www.city.kumagaya.lg.jp/,埼玉県
川口市,,https://www.city.kawaguchi.lg.jp/,埼玉県
行田市,,https://www.city.gyoda.lg.jp/,埼玉県
秩父市,,https://www.city.chichibu.lg.jp/,埼玉県
所沢市,,https://www.city.tokorozawa.saitama.jp/,埼玉県
飯能市,,https://www.city.hanno.lg.jp,埼玉県
加須市,,https://www.city.kazo.lg.jp/,埼玉県
本庄市,,https://www.city.honjo.lg.jp/,埼玉県
東松山市,,https://www.city.higashimatsuyama.lg.jp/,埼玉県
春日部市,,https://www.city.kasukabe.lg.jp/,埼玉県
狭山市,,https://www.city.sayama.saitama.jp/,埼玉県
羽生市,,https://www.city.hanyu.lg.jp/,埼玉県
鴻巣市,,https://www.city.kounosu.saitama.jp/,埼玉県
深谷市,,https://www.city.fukaya.saitama.jp/,埼玉県
上尾市,,https://www.city.ageo.lg.jp/,埼玉県
草加市,,https://www.city.soka.saitama.jp/,埼玉県
越谷市,,https://www.city.koshigaya.saitama.jp/,埼玉県
蕨市,,https://www.city.warabi.saitama.jp/,埼玉県
戸田市,,https://www.city.toda.saitama.jp/,埼玉県
入間市,,https://www.city.iruma.saitama.jp/,埼玉県
朝霞市,,https://www.city.asaka.lg.jp/,埼玉県
志木市,,https://www.city.shiki.lg.jp/,埼玉県
和光市,,https://www.city.wako.lg.jp/,埼玉県
新座市,,http://www.city.niiza.lg.jp/,埼玉県
桶川市,,https://www.city.okegawa.lg.jp/,埼玉県
久喜市,,https://www.city.kuki.lg.jp/,埼玉県
北本市,,https://www.city.kitamoto.saitama.jp/,埼玉県
八潮市,,https://www.city.yashio.lg.jp/,埼玉県
富士見市,,https://www.city.fujimi.saitama.jp/,埼玉県
三郷市,,https://www.city.misato.lg.jp/,埼玉県
蓮田市,,https://www.city.hasuda.saitama.jp/,埼玉県
坂戸市,,http://www.city.sakado.lg.jp/,埼玉県
幸手市,,https://www.city.satte.lg.jp/,埼玉県
鶴ヶ島市,,https://www.city.tsurugashima.lg.jp/,埼玉県
日高市,,https://www.city.hidaka.lg.jp/,埼玉県
吉川市,,https://www.city.yoshikawa.saitama.jp/,埼玉県
ふじみ野市,,https://www.city.fujimino.saitama.jp/,埼玉県
白岡市,,https://www.city.shiraoka.lg.jp/,埼玉県
伊奈町,,https://www.town.saitama-ina.lg.jp/,埼玉県
三芳町,,https://www.town.saitama-miyoshi.lg.jp/,埼玉県
毛呂山町,,http://www.town.moroyama.saitama.jp/www/index.html,埼玉県
越生町,,https://www.town.ogose.saitama.jp/,埼玉県
滑川町,,https://www.town.namegawa.lg.jp/,埼玉県
嵐山町,,https://www.town.ranzan.saitama.jp/,埼玉県
小川町,,https://www.town.ogawa.saitama.jp/,埼玉県
川島町,,https://www.town.kawajima.saitama.jp/,埼玉県
吉見町,,https://www.town.yoshimi.saitama.jp/,埼玉県
鳩山町,,https://www.town.hatoyama.saitama.jp/,埼玉県
ときがわ町,,https://www.town.tokigawa.lg.jp/forms/top/top.aspx,埼玉県
横瀬町,,http://www.town.yokoze.saitama.jp/,埼玉県
皆野町,,https://www.town.minano.saitama.jp/,埼玉県
長瀞町,,https://www.town.nagatoro.saitama.jp/,埼玉県
小鹿野町,,https://www.town.ogano.lg.jp/,埼玉県
東秩父村,,https://www.vill.higashichichibu.saitama.jp/,埼玉県
美里町,,https://www.town.saitama-misato.lg.jp/,埼玉県
神川町,,https://www.town.kamikawa.saitama.jp/,埼玉県
上里町,,https://www.town.kamisato.saitama.jp/,埼玉県
寄居町,,https://www.town.yorii.saitama.jp/,埼玉県
宮代町,,https://www.town.miyashiro.lg.jp/,埼玉県
杉戸町,,https://www.town.sugito.lg.jp/,埼玉県
松伏町,,http://www.town.matsubushi.lg.jp/,埼玉県
千葉市,,https://www.city.chiba.jp/,千葉県
銚子市,,https://www.city.choshi.chiba.jp/,千葉県
市川市,,https://www.city.ichikawa.lg.jp/,千葉県
船橋市,,https://www.city.funabashi.lg.jp/,千葉県
館山市,,https://www.city.tateyama.chiba.jp/,千葉県
木更津市,,https://www.city.kisarazu.lg.jp/,千葉県
松戸市,,https://www.city.matsudo.chiba.jp/,千葉県
野田市,,https://www.city.noda.chiba.jp/,千葉県
茂原市,,https://www.city.mobara.chiba.jp/,千葉県
成田市,,https://www.city.narita.chiba.jp/,千葉県
佐倉市,,https://www.city.sakura.lg.jp/,千葉県
東金市,,https://www.city.togane.chiba.jp/,千葉県
旭市,,https://www.city.asahi.lg.jp/,千葉県
習志野市,,https://www.city.narashino.lg.jp/,千葉県
柏市,,https://www.city.kashiwa.lg.jp/,千葉県
勝浦市,,https://www.city.katsuura.lg.jp/forms/top/top.aspx,千葉県
市原市,,https://www.city.ichihara.chiba.jp/,千葉県
流山市,,https://www.city.nagareyama.chiba.jp/,千葉県
八千代市,,https://www.city.yachiyo.chiba.jp/,千葉県
我孫子市,,https://www.city.abiko.chiba.jp/,千葉県
鴨川市,,https://www.city.kamogawa.lg.jp/,千葉県
鎌ケ谷市,,https://www.city.kamagaya.chiba.jp/,千葉県
君津市,,https://www.city.kimitsu.lg.jp/,千葉県
富津市,,https://www.city.futtsu.lg.jp/,千葉県
浦安市,,https://www.city.urayasu.lg.jp/,千葉県
四街道市,,https://www.city.yotsukaido.chiba.jp/,千葉県
袖ケ浦市,,https://www.city.sodegaura.lg.jp/,千葉県
八街市,,https://www.city.yachimata.lg.jp/,千葉県
印西市,,https://www.city.inzai.lg.jp/,千葉県
白井市,,https://www.city.shiroi.chiba.jp/,千葉県
富里市,,https://www.city.tomisato.lg.jp/,千葉県
南房総市,,https://www.city.minamiboso.chiba.jp/,千葉県
匝瑳市,,https://www.city.sosa.lg.jp/,千葉県
香取市,,https://www.city.katori.lg.jp/,千葉県
山武市,,https://www.city.sammu.lg.jp/,千葉県
いすみ市,,https://www.city.isumi.lg.jp/,千葉県
大網白里市,,https://www.city.oamishirasato.lg.jp/,千葉県
酒々井町,,https://www.town.shisui.chiba.jp/,千葉県
栄町,,http://www.town.sakae.chiba.jp/,千葉県
神崎町,,https://www.town.kozaki.chiba.jp/,千葉県
多古町,,https://www.town.tako.chiba.jp/,千葉県
東庄町,,https://www.town.tohnosho.chiba.jp/,千葉県
九十九里町,,http://www.town.kujukuri.chiba.jp/,千葉県
芝山町,,https://www.town.shibayama.lg.jp/,千葉県
横芝光町,,https://www.town.yokoshibahikari.chiba.jp/,千葉県
一宮町,,https://www.town.ichinomiya.chiba.jp/,千葉県
睦沢町,,http://www.town.mutsuzawa.chiba.jp/,千葉県
長生村,,https://www.vill.chosei.chiba.jp/,千葉県
白子町,,https://www.town.shirako.lg.jp/,千葉県
長柄町,,https://www.town.nagara.chiba.jp/,千葉県
長南町,,https://www.town.chonan.chiba.jp/,千葉県
大多喜町,,http://www.town.otaki.chiba.jp/,千葉県
御宿町,,http://www.town.onjuku.chiba.jp/,千葉県
鋸南町,,https://www.town.kyonan.chiba.jp/,千葉県
千代田区,,https://www.city.chiyoda.lg.jp/,東京都
中央区,,https://www.city.chuo.lg.jp/,東京都
港区,,https://www.city.minato.tokyo.jp/,東京都
新宿区,,https://www.city.shinjuku.lg.jp/,東京都
文京区,,https://www.city.bunkyo.lg.jp/,東京都
台東区,,https://www.city.taito.lg.jp/,東京都
墨田区,,https://www.city.sumida.lg.jp/,東京都
江東区,,https://www.city.koto.lg.jp/,東京都
品川区,,https://www.city.shinagawa.tokyo.jp/,東京都
目黒区,,https://www.city.meguro.tokyo.jp/,東京都
大田区,,https://www.city.ota.tokyo.jp/,東京都
世田谷区,,https://www.city.setagaya.lg.jp/index.html,東京都
渋谷区,,https://www.city.shibuya.tokyo.jp/,東京都
中野区,,https://www.city.tokyo-nakano.lg.jp/,東京都
杉並区,,https://www.city.suginami.tokyo.jp/,東京都
豊島区,,https://www.city.toshima.lg.jp/,東京都
北区,,https://www.city.kita.tokyo.jp/,東京都
荒川区,,https://www.city.arakawa.tokyo.jp/,東京都
板橋区,,http://www.city.itabashi.tokyo.jp/,東京都
練馬区,,https://www.city.nerima.tokyo.jp/,東京都
足立区,,https://www.city.adachi.tokyo.jp/,東京都
葛飾区,,https://www.city.katsushika.lg.jp/,東京都
江戸川区,,https://www.city.edogawa.tokyo.jp/,東京都
八王子市,,https://www.city.hachioji.tokyo.jp/,東京都
立川市,,https://www.city.tachikawa.lg.jp/,東京都
武蔵野市,,https://www.city.musashino.lg.jp/,東京都
三鷹市,,https://www.city.mitaka.tokyo.jp/,東京都
青梅市,,https://www.city.ome.tokyo.jp/,東京都
府中市,,https://www.city.fuchu.tokyo.jp/,東京都
昭島市,,https://www.city.akishima.lg.jp/,東京都
調布市,,https://www.city.chofu.tokyo.jp/www/toppage/0000000000000/APM03000.html,東京都
町田市,,https://www.city.machida.tokyo.jp/,東京都
小金井市,,https://www.city.koganei.lg.jp/,東京都
小平市,,https://www.city.kodaira.tokyo.jp/,東京都
日野市,,https://www.city.hino.lg.jp/,東京都
東村山市,,https://www.city.higashimurayama.tokyo.jp/,東京都
国分寺市,,https://www.city.kokubunji.tokyo.jp/,東京都
国立市,,https://www.city.kunitachi.tokyo.jp/,東京都
福生市,,https://www.city.fussa.tokyo.jp/,東京都
狛江市,,https://www.city.komae.tokyo.jp/,東京都
東大和市,,https://www.city.higashiyamato.lg.jp/,東京都
清瀬市,,https://www.city.kiyose.lg.jp/,東京都
東久留米市,,https://www.city.higashikurume.lg.jp/,東京都
武蔵村山市,,https://www.city.musashimurayama.lg.jp/,東京都
多摩市,,https://www.city.tama.lg.jp/,東京都
稲城市,,https://www.city.inagi.tokyo.jp/,東京都
羽村市,,https://www.city.hamura.tokyo.jp/,東京都
あきる野市,,https://www.city.akiruno.tokyo.jp/,東京都
西東京市,,https://www.city.nishitokyo.lg.jp/,東京都
瑞穂町,,https://www.town.mizuho.tokyo.jp/,東京都
日の出町,,https://www.town.hinode.tokyo.jp/,東京都
檜原村,,https://www.vill.hinohara.tokyo.jp/,東京都
奥多摩町,,http://www.town.okutama.tokyo.jp/,東京都
大島町,,https://www.town.oshima.tokyo.jp/,東京都
利島村,,https://www.toshimamura.org/,東京都
新島村,,https://www.niijima.com/,東京都
神津島村,,http://vill.kouzushima.tokyo.jp/,東京都
三宅村,,https://www.squashysoftware.com/,東京都
御蔵島村,,https://www.mikurasima.jp/,東京都
八丈町,,https://www.town.hachijo.tokyo.jp/,東京都
青ヶ島村,,http://www.vill.aogashima.tokyo.jp/,東京都
小笠原村,,https://www.vill.ogasawara.tokyo.jp/,東京都
横浜市,,https://www.city.yokohama.lg.jp/,神奈川県
川崎市,,http://www.city.kawasaki.jp/,神奈川県
相模原市,,https://www.city.sagamihara.kanagawa.jp/,神奈川県
横須賀市,,https://www.city.yokosuka.kanagawa.jp/index.html,神奈川県
平塚市,,http://www.city.hiratsuka.kanagawa.jp/,神奈川県
鎌倉市,,https://www.city.kamakura.kanagawa.jp/,神奈川県
藤沢市,,https://www.city.fujisawa.kanagawa.jp/,神奈川県
小田原市,,https://www.city.odawara.kanagawa.jp/,神奈川県
茅ヶ崎市,,https://www.city.chigasaki.kanagawa.jp/,神奈川県
逗子市,,https://www.city.zushi.kanagawa.jp/,神奈川県
三浦市,,http://www.city.miura.kanagawa.jp/,神奈川県
秦野市,,https://www.city.hadano.kanagawa.jp/www/index.html,神奈川県
厚木市,,https://www.city.atsugi.kanagawa.jp/,神奈川県
大和市,,http://www.city.yamato.lg.jp/,神奈川県
伊勢原市,,https://www.city.isehara.kanagawa.jp/,神奈川県
海老名市,,https://www.city.ebina.kanagawa.jp/index.html,神奈川県
座間市,,https://www.city.zama.kanagawa.jp/www/toppage/0000000000000/APM03000.html,神奈川県
南足柄市,,https://www.city.minamiashigara.kanagawa.jp/,神奈川県
綾瀬市,,https://www.city.ayase.kanagawa.jp/,神奈川県
葉山町,,https://www.town.hayama.lg.jp/,神奈川県
寒川町,,https://www.town.samukawa.kanagawa.jp/,神奈川県
大磯町,,https://www.town.oiso.kanagawa.jp/,神奈川県
二宮町,,https://www.town.ninomiya.kanagawa.jp/,神奈川県
中井町,,https://www.town.nakai.kanagawa.jp/forms/top/top.aspx,神奈川県
大井町,,https://www.town.oi.kanagawa.jp/,神奈川県
松田町,,https://town.matsuda.kanagawa.jp/,神奈川県
山北町,,https://www.town.yamakita.kanagawa.jp/,神奈川県
開成町,,https://www.town.kaisei.kanagawa.jp/forms/top/top.aspx,神奈川県
箱根町,,https://www.town.hakone.kanagawa.jp/,神奈川県
真鶴町,,https://www.town-manazuru.jp/,神奈川県
湯河原町,,https://www.town.yugawara.kanagawa.jp/,神奈川県
愛川町,,https://www.town.aikawa.kanagawa.jp/,神奈川県
清川村,,https://www.town.kiyokawa.kanagawa.jp/,神奈川県
新潟市,,https://www.city.niigata.lg.jp/,新潟県
長岡市,,https://www.city.nagaoka.niigata.jp/,新潟県
三条市,,https://www.city.sanjo.niigata.jp/,新潟県
柏崎市,,https://www.city.kashiwazaki.lg.jp/,新潟県
新発田市,,http://www.city.shibata.lg.jp/,新潟県
小千谷市,,https://www.city.ojiya.niigata.jp/,新潟県
加茂市,,http://www.city.kamo.niigata.jp/,新潟県
十日町市,,https://www.city.tokamachi.lg.jp/,新潟県
見附市,,https://www.city.mitsuke.niigata.jp/,新潟県
村上市,,https://www.city.murakami.lg.jp/,新潟県
燕市,,http://www.city.tsubame.niigata.jp/,新潟県
糸魚川市,,https://www.city.itoigawa.lg.jp/,新潟県
妙高市,,https://www.city.myoko.niigata.jp/,新潟県
五泉市,,https://www.city.gosen.lg.jp/,新潟県
上越市,,https://www.city.joetsu.niigata.jp/,新潟県
阿賀野市,,http://www.city.agano.niigata.jp/,新潟県
佐渡市,,https://www.city.sado.niigata.jp/,新潟県
魚沼市,,https://www.city.uonuma.niigata.jp/,新潟県
南魚沼市,,https://www.city.minamiuonuma.niigata.jp/,新潟県
胎内市,,http://www.city.tainai.niigata.jp/,新潟県
聖籠町,,http://www.town.seiro.niigata.jp/,新潟県
弥彦村,,http://www.vill.yahiko.niigata.jp/,新潟県
田上町,,http://www.town.tagami.niigata.jp/,新潟県
阿賀町,,http://www.town.aga.niigata.jp/,新潟県
出雲崎町,,https://www.town.izumozaki.niigata.jp/,新潟県
湯沢町,,https://www.town.yuzawa.lg.jp/,新潟県
津南町,,https://www.town.tsunan.niigata.jp/,新潟県
刈羽村,,https://www.vill.kariwa.niigata.jp/www/index.jsp,新潟県
関川村,,http://www.vill.sekikawa.niigata.jp/,新潟県
粟島浦村,,http://www.vill.awashimaura.lg.jp/,新潟県
富山市,,https://www.city.toyama.toyama.jp/,富山県
高岡市,,https://www.city.takaoka.toyama.jp/,富山県
魚津市,,https://www.city.uozu.toyama.jp/,富山県
氷見市,,https://www.city.himi.toyama.jp/,富山県
滑川市,,https://www.city.namerikawa.toyama.jp/,富山県
黒部市,,https://kurobe.city.kurobe.toyama.jp/,富山県
砺波市,,https://www.city.tonami.toyama.jp/,富山県
小矢部市,,https://www.city.oyabe.toyama.jp/,富山県
南砺市,,https://www.city.nanto.toyama.jp/cms-sypher/www/index.jsp,富山県
射水市,,https://www.city.imizu.toyama.jp/,富山県
舟橋村,,http://www.vill.funahashi.toyama.jp/,富山県
上市町,,https://www.town.kamiichi.toyama.jp/,富山県
立山町,,https://www.town.tateyama.toyama.jp/pub/,富山県
入善町,,https://www.town.nyuzen.toyama.jp/,富山県
朝日町,,https://www.town.asahi.toyama.jp/,富山県
金沢市,,https://www4.city.kanazawa.lg.jp/index.html,石川県
七尾市,,https://www.city.nanao.lg.jp/,石川県
小松市,,https://www.city.komatsu.lg.jp/,石川県
輪島市,,https://www.city.wajima.ishikawa.jp/,石川県
珠洲市,,https://www.city.suzu.ishikawa.jp/,石川県
加賀市,,https://www.city.kaga.ishikawa.jp/,石川県
羽咋市,,https://www.city.hakui.lg.jp/,石川県
かほく市,,http://www.city.kahoku.ishikawa.jp/,石川県
白山市,,http://www.city.hakusan.ishikawa.jp/,石川県
能美市,,https://www.city.nomi.ishikawa.jp/,石川県
野々市市,,https://www.city.nonoichi.lg.jp/,石川県
川北町,,http://www.town.kawakita.ishikawa.jp/,石川県
津幡町,,https://www.town.tsubata.ishikawa.jp/,石川県
内灘町,,https://www.town.uchinada.lg.jp/webapps/www/index.jsp,石川県
志賀町,,https://www.town.shika.lg.jp/,石川県
宝達志水町,,http://www.hodatsushimizu.jp/,石川県
中能登町,,https://www.town.nakanoto.ishikawa.jp/,石川県
穴水町,,http://www.town.anamizu.ishikawa.jp/,石川県
能登町,,https://www.town.noto.lg.jp/www/total_top.jsp,石川県
福井市,,https://www.city.fukui.lg.jp/,福井県
敦賀市,,https://www.city.tsuruga.lg.jp/,福井県
小浜市,,https://www1.city.obama.fukui.jp/,福井県
大野市,,https://www.city.ono.fukui.jp/,福井県
勝山市,,https://www.city.katsuyama.fukui.jp/,福井県
鯖江市,,https://www.city.sabae.fukui.jp/,福井県
あわら市,,http://www.city.awara.lg.jp/,福井県
越前市,,https://www.city.echizen.lg.jp/,福井県
坂井市,,https://www.city.fukui-sakai.lg.jp/,福井県
永平寺町,,https://www.town.eiheiji.lg.jp/,福井県
池田町,,https://www.town.ikeda.fukui.jp/,福井県
南越前町,,https://www.town.minamiechizen.lg.jp/,福井県
越前町,,https://www.town.echizen.fukui.jp/index.html,福井県
美浜町,,https://www.town.mihama.fukui.jp/www/normal_top.jsp,福井県
高浜町,,https://www.town.takahama.fukui.jp/,福井県
おおい町,,https://www.town.ohi.fukui.jp/index.html,福井県
若狭町,,https://www.town.fukui-wakasa.lg.jp/,福井県
甲府市,,https://www.city.kofu.yamanashi.jp/,山梨県
富士吉田市,,http://www.city.fujiyoshida.yamanashi.jp/forms/top/top.aspx,山梨県
都留市,,http://www.city.tsuru.yamanashi.jp/forms/top/top.aspx,山梨県
山梨市,,https://www.city.yamanashi.yamanashi.jp/,山梨県
大月市,,http://www.city.otsuki.yamanashi.jp/,山梨県
韮崎市,,https://www.city.nirasaki.lg.jp/,山梨県
南アルプス市,,https://www.city.minami-alps.yamanashi.jp/,山梨県
北杜市,,https://www.city.hokuto.yamanashi.jp/,山梨県
甲斐市,,https://www.city.kai.yamanashi.jp/,山梨県
笛吹市,,https://www.city.fuefuki.yamanashi.jp/,山梨県
上野原市,,https://www.city.uenohara.yamanashi.jp/,山梨県
甲州市,,https://www.city.koshu.yamanashi.jp/,山梨県
中央市,,https://www.city.chuo.yamanashi.jp/,山梨県
市川三郷町,,http://www.town.ichikawamisato.yamanashi.jp/,山梨県
早川町,,http://www.town.hayakawa.yamanashi.jp/,山梨県
身延町,,https://www.town.minobu.lg.jp/,山梨県
南部町,,https://www.town.nanbu.yamanashi.jp/,山梨県
富士川町,,https://www.town.fujikawa.yamanashi.jp/,山梨県
昭和町,,https://www.town.showa.yamanashi.jp/,山梨県
道志村,,http://www.vill.doshi.lg.jp/,山梨県
西桂町,,https://www.town.nishikatsura.yamanashi.jp/forms/top/top.aspx,山梨県
忍野村,,https://www.vill.oshino.lg.jp/,山梨県
山中湖村,,https://www.vill.yamanakako.lg.jp/,山梨県
鳴沢村,,https://www.vill.narusawa.yamanashi.jp/forms/top/top.aspx,山梨県
富士河口湖町,,https://www.town.fujikawaguchiko.lg.jp/,山梨県
小菅村,,http://www.vill.kosuge.yamanashi.jp/,山梨県
丹波山村,,https://www.vill.tabayama.yamanashi.jp/,山梨県
長野市,,https://www.city.nagano.nagano.jp/,長野県
松本市,,https://www.city.matsumoto.nagano.jp/,長野県
上田市,,https://www.city.ueda.nagano.jp/,長野県
岡谷市,,https://www.city.okaya.lg.jp/,長野県
飯田市,,https://www.city.iida.lg.jp/,長野県
諏訪市,,https://www.city.suwa.lg.jp/www/index.jsp,長野県
須坂市,,https://www.city.suzaka.nagano.jp/,長野県
小諸市,,https://www.city.komoro.lg.jp/,長野県
伊那市,,https://www.inacity.jp/,長野県
駒ヶ根市,,https://www.city.komagane.nagano.jp/,長野県
中野市,,https://www.city.nakano.nagano.jp/,長野県
大町市,,https://www.city.omachi.nagano.jp/,長野県
飯山市,,https://www.city.iiyama.nagano.jp/,長野県
茅野市,,http://www.city.chino.lg.jp/www/index.html,長野県
塩尻市,,https://www.city.shiojiri.lg.jp/,長野県
佐久市,,https://www.city.saku.nagano.jp/,長野県
千曲市,,https://www.city.chikuma.lg.jp/,長野県
東御市,,https://www.city.tomi.nagano.jp/,長野県
安曇野市,,https://www.city.azumino.nagano.jp/,長野県
小海町,,https://www.koumi-town.jp/,長野県
川上村,,http://www.vill.kawakami.nagano.jp/www/index.html,長野県
南牧村,,http://www.minamimakimura.jp/,長野県
南相木村,,http://www.minamiaiki.jp/,長野県
北相木村,,http://vill.kitaaiki.nagano.jp/,長野県
佐久穂町,,https://www.town.sakuho.nagano.jp/,長野県
軽井沢町,,https://www.town.karuizawa.lg.jp/www/toppage/0000000000000/APM03000.html,長野県
御代田町,,https://www.town.miyota.nagano.jp/,長野県
立科町,,https://www.town.tateshina.nagano.jp/,長野県
青木村,,http://www.vill.aoki.nagano.jp/,長野県
長和町,,https://town.nagawa.nagano.jp/,長野県
下諏訪町,,http://www.town.shimosuwa.lg.jp/www/index.html,長野県
富士見町,,https://www.town.fujimi.lg.jp/,長野県
原村,,https://www.vill.hara.lg.jp/,長野県
辰野町,,https://www.town.tatsuno.nagano.jp/,長野県
箕輪町,,https://www.town.minowa.lg.jp/,長野県
飯島町,,http://www.town.iijima.lg.jp/,長野県
南箕輪村,,https://www.vill.minamiminowa.lg.jp/,長野県
中川村,,https://www.vill.nakagawa.nagano.jp/,長野県
宮田村,,https://www.vill.miyada.nagano.jp/?,長野県
松川町,,https://www.matsukawa-town.jp/cms-sypher/www/normal_top.jsp,長野県
高森町,,https://www.town.nagano-takamori.lg.jp/,長野県
阿南町,,http://www.town.anan.nagano.jp/,長野県
阿智村,,https://www.vill.achi.lg.jp/,長野県
平谷村,,http://hirayamura.jp/,長野県
根羽村,,http://nebamura.jp/,長野県
下條村,,https://www.vill-shimojo.jp/,長野県
売木村,,http://www.urugi.jp/,長野県
天龍村,,http://www.vill-tenryu.jp/,長野県
泰阜村,,http://vill.yasuoka.nagano.jp/,長野県
喬木村,,http://www.vill.takagi.nagano.jp/,長野県
豊丘村,,https://www.vill.nagano-toyooka.lg.jp/,長野県
大鹿村,,http://www.vill.ooshika.nagano.jp/,長野県
上松町,,http://www.town.agematsu.nagano.jp/,長野県
南木曽町,,http://www.town.nagiso.nagano.jp/,長野県
木祖村,,http://www.vill.kiso.nagano.jp/,長野県
王滝村,,http://www.vill.otaki.nagano.jp/,長野県
大桑村,,http://www.vill.ookuwa.nagano.jp/,長野県
木曽町,,https://www.town-kiso.com/,長野県
麻績村,,http://www.vill.omi.nagano.jp/,長野県
生坂村,,http://www.village.ikusaka.nagano.jp/,長野県
山形村,,http://www.vill.yamagata.nagano.jp/forms/top/top.aspx,長野県
朝日村,,https://www.vill.asahi.nagano.jp/,長野県
筑北村,,http://www.vill.chikuhoku.lg.jp/,長野県
池田町,,https://www.ikedamachi.net/,長野県
松川村,,http://www.vill.matsukawa.nagano.jp/,長野県
白馬村,,https://www.vill.hakuba.nagano.jp/,長野県
小谷村,,http://www.vill.otari.nagano.jp/www/menu.html,長野県
坂城町,,http://www.town.sakaki.nagano.jp/www/index.html,長野県
小布施町,,https://www.town.obuse.nagano.jp/,長野県
高山村,,https://www.vill.takayama.nagano.jp/,長野県
山ノ内町,,http://www.town.yamanouchi.nagano.jp/,長野県
木島平村,,http://www.vill.kijimadaira.lg.jp/,長野県
野沢温泉村,,http://www.vill.nozawaonsen.nagano.jp/,長野県
信濃町,,https://www.town.shinano.lg.jp/,長野県
小川村,,http://www.vill.ogawa.nagano.jp/,長野県
飯綱町,,https://www.town.iizuna.nagano.jp/,長野県
栄村,,http://www.vill.sakae.nagano.jp/,長野県
岐阜市,,https://www.city.gifu.lg.jp/,岐阜県
大垣市,,https://www.city.ogaki.lg.jp/,岐阜県
高山市,,https://www.city.takayama.lg.jp/,岐阜県
多治見市,,https://www.city.tajimi.lg.jp/,岐阜県
関市,,http://www.city.seki.lg.jp/,岐阜県
中津川市,,http://www.city.nakatsugawa.gifu.jp/,岐阜県
美濃市,,http://www.city.mino.gifu.jp/,岐阜県
瑞浪市,,https://www.city.mizunami.lg.jp/,岐阜県
羽島市,,https://www.city.hashima.lg.jp/,岐阜県
恵那市,,https://www.city.ena.lg.jp/,岐阜県
美濃加茂市,,http://www.city.minokamo.gifu.jp/shimin/,岐阜県
土岐市,,https://www.city.toki.lg.jp/,岐阜県
各務原市,,http://www.city.kakamigahara.lg.jp/,岐阜県
可児市,,https://www.city.kani.lg.jp/,岐阜県
山県市,,https://www.city.yamagata.gifu.jp/,岐阜県
瑞穂市,,https://www.city.mizuho.lg.jp/,岐阜県
飛騨市,,http://www.city.hida.gifu.jp/,岐阜県
本巣市,,http://www.city.motosu.lg.jp/,岐阜県
郡上市,,https://www.city.gujo.gifu.jp/,岐阜県
下呂市,,https://www.city.gero.lg.jp/,岐阜県
海津市,,https://www.city.kaizu.lg.jp/,岐阜県
岐南町,,https://www.town.ginan.lg.jp/,岐阜県
笠松町,,http://www.town.kasamatsu.gifu.jp/,岐阜県
養老町,,http://www.town.yoro.gifu.jp/,岐阜県
垂井町,,http://www.town.tarui.lg.jp/,岐阜県
関ケ原町,,http://www.town.sekigahara.gifu.jp/,岐阜県
神戸町,,http://www.town.godo.gifu.jp/,岐阜県
輪之内町,,http://town.wanouchi.gifu.jp/,岐阜県
安八町,,http://www.town.anpachi.gifu.jp/,岐阜県
揖斐川町,,http://www.town.ibigawa.lg.jp/,岐阜県
大野町,,http://www.town-ono.jp/,岐阜県
池田町,,http://www.town.ikeda.gifu.jp/,岐阜県
北方町,,http://www.town.kitagata.gifu.jp/,岐阜県
坂祝町,,https://www.town.sakahogi.gifu.jp/,岐阜県
富加町,,https://www.town.tomika.gifu.jp/,岐阜県
川辺町,,http://www.kawabe-gifu.jp/,岐阜県
七宗町,,http://www.hichiso.jp/,岐阜県
八百津町,,https://www.town.yaotsu.lg.jp/,岐阜県
白川町,,https://www.town.shirakawa.lg.jp/,岐阜県
東白川村,,https://www.vill.higashishirakawa.gifu.jp/,岐阜県
御嵩町,,https://www.town.mitake.lg.jp/,岐阜県
白川村,,http://shirakawa-go.org/,岐阜県
静岡市,,http://www.city.shizuoka.jp/,静岡県
浜松市,,https://www.city.hamamatsu.shizuoka.jp/,静岡県
沼津市,,https://www.city.numazu.shizuoka.jp/,静岡県
熱海市,,https://www.city.atami.lg.jp/,静岡県
三島市,,https://www.city.mishima.shizuoka.jp/,静岡県
富士宮市,,http://www.city.fujinomiya.lg.jp/,静岡県
伊東市,,https://www.city.ito.shizuoka.jp/,静岡県
島田市,,https://www.city.shimada.shizuoka.jp/,静岡県
富士市,,https://www.city.fuji.shizuoka.jp/,静岡県
磐田市,,https://www.city.iwata.shizuoka.jp/,静岡県
焼津市,,https://www.city.yaizu.lg.jp/,静岡県
掛川市,,https://www.city.kakegawa.shizuoka.jp/,静岡県
藤枝市,,https://www.city.fujieda.shizuoka.jp/,静岡県
御殿場市,,http://www.city.gotemba.shizuoka.jp/,静岡県
袋井市,,https://www.city.fukuroi.shizuoka.jp/,静岡県
下田市,,https://www.city.shimoda.shizuoka.jp/,静岡県
裾野市,,https://www.city.susono.shizuoka.jp/,静岡県
湖西市,,https://www.city.kosai.shizuoka.jp/,静岡県
伊豆市,,http://www.city.izu.shizuoka.jp/,静岡県
御前崎市,,https://www.city.omaezaki.shizuoka.jp/,静岡県
菊川市,,https://www.city.kikugawa.shizuoka.jp/,静岡県
伊豆の国市,,https://www.city.izunokuni.shizuoka.jp/,静岡県
牧之原市,,https://www.city.makinohara.shizuoka.jp/,静岡県
東伊豆町,,https://www.town.higashiizu.shizuoka.jp/,静岡県
河津町,,http://www.town.kawazu.shizuoka.jp/,静岡県
南伊豆町,,https://www.town.minamiizu.shizuoka.jp/,静岡県
松崎町,,https://www.town.matsuzaki.shizuoka.jp/,静岡県
西伊豆町,,https://www.town.nishiizu.shizuoka.jp/,静岡県
函南町,,https://www.town.kannami.shizuoka.jp/,静岡県
清水町,,http://www.town.shimizu.shizuoka.jp/,静岡県
長泉町,,http://www.town.nagaizumi.lg.jp/,静岡県
小山町,,https://www.fuji-oyama.jp/index.html,静岡県
吉田町,,https://www.town.yoshida.shizuoka.jp/,静岡県
川根本町,,https://www.town.kawanehon.shizuoka.jp/,静岡県
森町,,https://www.town.morimachi.shizuoka.jp/,静岡県
名古屋市,,http://www.city.nagoya.jp/,愛知県
豊橋市,,https://www.city.toyohashi.lg.jp/,愛知県
岡崎市,,https://www.city.okazaki.lg.jp/index.html,愛知県
一宮市,,https://www.city.ichinomiya.aichi.jp/,愛知県
瀬戸市,,https://www.city.seto.aichi.jp/,愛知県
半田市,,https://www.city.handa.lg.jp/,愛知県
春日井市,,https://www.city.kasugai.lg.jp/,愛知県
豊川市,,https://www.city.toyokawa.lg.jp/,愛知県
津島市,,https://www.city.tsushima.lg.jp/,愛知県
碧南市,,http://www.city.hekinan.aichi.jp/,愛知県
刈谷市,,https://www.city.kariya.lg.jp/,愛知県
豊田市,,https://www.city.toyota.aichi.jp/,愛知県
安城市,,https://www.city.anjo.aichi.jp/,愛知県
西尾市,,https://www.city.nishio.aichi.jp/,愛知県
蒲郡市,,https://www.city.gamagori.lg.jp/,愛知県
犬山市,,https://www.city.inuyama.aichi.jp/,愛知県
常滑市,,https://www.city.tokoname.aichi.jp/,愛知県
江南市,,https://www.city.konan.lg.jp/,愛知県
小牧市,,https://www.city.komaki.aichi.jp/,愛知県
稲沢市,,https://www.city.inazawa.aichi.jp/,愛知県
新城市,,https://www.city.shinshiro.lg.jp/,愛知県
東海市,,https://www.city.tokai.aichi.jp/,愛知県
大府市,,https://www.city.obu.aichi.jp/,愛知県
知多市,,https://www.city.chita.lg.jp/,愛知県
知立市,,https://www.city.chiryu.aichi.jp/,愛知県
尾張旭市,,https://www.city.owariasahi.lg.jp/,愛知県
高浜市,,https://www.city.takahama.lg.jp/,愛知県
岩倉市,,https://www.city.iwakura.aichi.jp/,愛知県
豊明市,,https://www.city.toyoake.lg.jp/,愛知県
日進市,,https://www.city.nisshin.lg.jp/,愛知県
田原市,,https://www.city.tahara.aichi.jp/,愛知県
愛西市,,https://www.city.aisai.lg.jp/,愛知県
清須市,,https://www.city.kiyosu.aichi.jp/,愛知県
北名古屋市,,https://www.city.kitanagoya.lg.jp/,愛知県
弥富市,,https://www.city.yatomi.lg.jp/,愛知県
みよし市,,https://www.city.aichi-miyoshi.lg.jp/,愛知県
あま市,,https://www.city.ama.aichi.jp/,愛知県
長久手市,,https://www.city.nagakute.lg.jp/index.html,愛知県
東郷町,,https://www.town.aichi-togo.lg.jp/,愛知県
豊山町,,https://www.town.toyoyama.lg.jp/,愛知県
大口町,,https://www.town.oguchi.aichi.jp/,愛知県
扶桑町,,https://www.town.fuso.lg.jp/,愛知県
大治町,,https://www.town.oharu.aichi.jp/,愛知県
蟹江町,,http://www.town.kanie.aichi.jp/,愛知県
飛島村,,https://www.vill.tobishima.aichi.jp/,愛知県
阿久比町,,https://www.town.agui.lg.jp/,愛知県
東浦町,,https://www.town.aichi-higashiura.lg.jp/,愛知県
南知多町,,https://www.town.minamichita.lg.jp/,愛知県
美浜町,,http://www.town.aichi-mihama.lg.jp/,愛知県
武豊町,,https://www.town.taketoyo.lg.jp/,愛知県
幸田町,,https://www.town.kota.lg.jp/,愛知県
設楽町,,http://www.town.shitara.lg.jp/,愛知県
東栄町,,https://www.town.toei.aichi.jp/,愛知県
豊根村,,http://www.vill.toyone.aichi.jp/,愛知県
津市,,https://www.info.city.tsu.mie.jp/,三重県
四日市市,,https://www.city.yokkaichi.mie.jp/,三重県
伊勢市,,https://www.city.ise.mie.jp/,三重県
松阪市,,https://www.city.matsusaka.mie.jp/,三重県
桑名市,,https://www.city.kuwana.lg.jp/,三重県
鈴鹿市,,http://www.city.suzuka.lg.jp/,三重県
名張市,,https://www.city.nabari.lg.jp/,三重県
尾鷲市,,https://www.city.owase.lg.jp/public/sougou_top/index_sou.html,三重県
亀山市,,https://www.city.kameyama.mie.jp/,三重県
鳥羽市,,https://www.city.toba.mie.jp/,三重県
熊野市,,http://www.city.kumano.mie.jp/,三重県
いなべ市,,https://www.city.inabe.mie.jp/,三重県
志摩市,,https://www.city.shima.mie.jp/,三重県
伊賀市,,https://www.city.iga.lg.jp/,三重県
木曽岬町,,https://www.town.kisosaki.lg.jp/,三重県
東員町,,https://www.town.toin.lg.jp/,三重県
菰野町,,http://www2.town.komono.mie.jp/www/index.html,三重県
朝日町,,https://www.town.asahi.mie.jp/,三重県
川越町,,https://www.town.kawagoe.mie.jp/,三重県
多気町,,https://www.town.taki.mie.jp/,三重県
明和町,,https://www.town.meiwa.mie.jp/,三重県
大台町,,https://www.odaitown.jp/,三重県
玉城町,,https://kizuna.town.tamaki.mie.jp/,三重県
度会町,,https://www.town.watarai.lg.jp/,三重県
大紀町,,http://www.town.taiki.mie.jp/,三重県
南伊勢町,,https://www.town.minamiise.lg.jp/,三重県
紀北町,,http://www.town.mie-kihoku.lg.jp/,三重県
御浜町,,https://www.town.mihama.mie.jp/,三重県
紀宝町,,https://www.town.kiho.lg.jp/,三重県
大津市,,https://www.city.otsu.lg.jp/,滋賀県
彦根市,,https://www.city.hikone.shiga.jp/,滋賀県
長浜市,,https://www.city.nagahama.lg.jp/,滋賀県
近江八幡市,,https://www.city.omihachiman.shiga.jp/,滋賀県
草津市,,https://www.city.kusatsu.shiga.jp/,滋賀県
守山市,,https://www.city.moriyama.lg.jp/,滋賀県
栗東市,,https://www.city.ritto.lg.jp/,滋賀県
甲賀市,,https://www.city.koka.lg.jp/,滋賀県
野洲市,,https://www.city.yasu.lg.jp/,滋賀県
湖南市,,https://www.city.konan.shiga.jp/,滋賀県
高島市,,http://www.city.takashima.lg.jp/www/toppage/0000000000000/APM03000.html,滋賀県
東近江市,,https://www.city.higashiomi.shiga.jp/,滋賀県
米原市,,https://www.city.maibara.lg.jp/,滋賀県
日野町,,http://www.town.shiga-hino.lg.jp/,滋賀県
竜王町,,http://www.town.ryuoh.shiga.jp/,滋賀県
愛荘町,,https://www.town.aisho.shiga.jp/,滋賀県
豊郷町,,https://www.town.toyosato.shiga.jp/,滋賀県
甲良町,,https://www.kouratown.jp/,滋賀県
多賀町,,https://www.town.taga.lg.jp/,滋賀県
京都市,,https://www.city.kyoto.lg.jp/,京都府
福知山市,,https://www.city.fukuchiyama.kyoto.jp/,京都府
舞鶴市,,https://www.city.maizuru.kyoto.jp/,京都府
綾部市,,https://www.city.ayabe.lg.jp/,京都府
宇治市,,https://www.city.uji.kyoto.jp/,京都府
宮津市,,http://www.city.miyazu.kyoto.jp/www/normal_top.jsp,京都府
亀岡市,,https://www.city.kameoka.kyoto.jp/,京都府
城陽市,,https://www.city.joyo.kyoto.jp/,京都府
向日市,,https://www.city.muko.kyoto.jp/,京都府
長岡京市,,https://www.city.nagaokakyo.lg.jp/,京都府
八幡市,,https://www.city.yawata.kyoto.jp/,京都府
京田辺市,,https://www.kyotanabe.jp/,京都府
京丹後市,,https://www.city.kyotango.lg.jp/,京都府
南丹市,,https://www.city.nantan.kyoto.jp/www/,京都府
木津川市,,https://www.city.kizugawa.lg.jp/,京都府
大山崎町,,https://www.town.oyamazaki.kyoto.jp/,京都府
久御山町,,https://www.town.kumiyama.lg.jp/,京都府
井手町,,https://www.town.ide.kyoto.jp/,京都府
宇治田原町,,https://www.town.ujitawara.kyoto.jp/,京都府
笠置町,,https://www.town.kasagi.lg.jp/,京都府
和束町,,https://www.town.wazuka.kyoto.jp/,京都府
精華町,,https://www.town.seika.kyoto.jp/,京都府
南山城村,,http://www.vill.minamiyamashiro.lg.jp/,京都府
京丹波町,,https://www.town.kyotamba.kyoto.jp/,京都府
伊根町,,https://www.town.ine.kyoto.jp/,京都府
与謝野町,,https://www.town-yosano.jp/wwwg/index.jsp,京都府
大阪市,,https://www.city.osaka.lg.jp/,大阪府
堺市,,https://www.city.sakai.lg.jp/,大阪府
岸和田市,,https://www.city.kishiwada.osaka.jp/,大阪府
豊中市,,https://www.city.toyonaka.osaka.jp/,大阪府
池田市,,https://www.city.ikeda.osaka.jp/,大阪府
吹田市,,https://www.city.suita.osaka.jp/,大阪府
泉大津市,,https://www.city.izumiotsu.lg.jp/,大阪府
高槻市,,http://www.city.takatsuki.osaka.jp/,大阪府
貝塚市,,https://www.city.kaizuka.lg.jp/,大阪府
守口市,,https://www.city.moriguchi.osaka.jp/,大阪府
枚方市,,https://www.city.hirakata.osaka.jp/,大阪府
茨木市,,https://www.city.ibaraki.osaka.jp/,大阪府
八尾市,,https://www.city.yao.osaka.jp/,大阪府
泉佐野市,,https://www.city.izumisano.lg.jp/,大阪府
富田林市,,https://www.city.tondabayashi.lg.jp/,大阪府
寝屋川市,,https://www.city.neyagawa.osaka.jp/,大阪府
河内長野市,,https://www.city.kawachinagano.lg.jp/,大阪府
松原市,,https://www.city.matsubara.lg.jp/,大阪府
大東市,,http://www.city.daito.lg.jp/,大阪府
和泉市,,http://www.city.osaka-izumi.lg.jp/,大阪府
箕面市,,https://www.city.minoh.lg.jp/,大阪府
柏原市,,http://www.city.kashiwara.osaka.jp/,大阪府
羽曳野市,,https://www.city.habikino.lg.jp/,大阪府
門真市,,https://www.city.kadoma.osaka.jp/,大阪府
摂津市,,https://www.city.settsu.osaka.jp/,大阪府
高石市,,http://www.city.takaishi.lg.jp/,大阪府
藤井寺市,,https://www.city.fujiidera.lg.jp/,大阪府
東大阪市,,https://www.city.higashiosaka.lg.jp/,大阪府
泉南市,,https://www.city.sennan.lg.jp/,大阪府
四條畷市,,https://www.city.shijonawate.lg.jp/,大阪府
交野市,,https://www.city.katano.osaka.jp/,大阪府
大阪狭山市,,https://www.city.osakasayama.osaka.jp/,大阪府
阪南市,,https://www.city.hannan.lg.jp/,大阪府
島本町,,https://www.shimamotocho.jp/,大阪府
豊能町,,http://www.town.toyono.osaka.jp/,大阪府
能勢町,,https://www.town.nose.osaka.jp/,大阪府
忠岡町,,https://www.town.tadaoka.osaka.jp/,大阪府
熊取町,,https://www.town.kumatori.lg.jp/,大阪府
田尻町,,https://www.town.tajiri.osaka.jp/,大阪府
岬町,,https://www.town.misaki.osaka.jp/,大阪府
太子町,,https://www.town.taishi.osaka.jp/,大阪府
河南町,,https://www.town.kanan.osaka.jp/,大阪府
千早赤阪村,,https://www.vill.chihayaakasaka.osaka.jp/,大阪府
神戸市,,https://www.city.kobe.lg.jp/,兵庫県
姫路市,,https://www.city.himeji.lg.jp/,兵庫県
尼崎市,,https://www.city.amagasaki.hyogo.jp/,兵庫県
明石市,,https://www.city.akashi.lg.jp/,兵庫県
西宮市,,https://www.nishi.or.jp/,兵庫県
洲本市,,https://www.city.sumoto.lg.jp/,兵庫県
芦屋市,,https://www.city.ashiya.lg.jp/,兵庫県
伊丹市,,https://www.city.itami.lg.jp/,兵庫県
相生市,,https://www.city.aioi.lg.jp/,兵庫県
豊岡市,,http://www.city.toyooka.lg.jp/www/toppage/0000000000000/APM03000.html,兵庫県
加古川市,,https://www.city.kakogawa.lg.jp/,兵庫県
赤穂市,,https://www.city.ako.lg.jp/,兵庫県
西脇市,,https://www.city.nishiwaki.lg.jp/,兵庫県
宝塚市,,https://www.city.takarazuka.hyogo.jp/,兵庫県
三木市,,https://www.city.miki.lg.jp/,兵庫県
高砂市,,http://www.city.takasago.hyogo.jp/,兵庫県
川西市,,https://www.city.kawanishi.hyogo.jp/,兵庫県
小野市,,https://www.city.ono.hyogo.jp/,兵庫県
三田市,,https://www.city.sanda.lg.jp/,兵庫県
加西市,,http://www.city.kasai.hyogo.jp/,兵庫県
丹波篠山市,,,兵庫県
養父市,,https://www.city.yabu.hyogo.jp/,兵庫県
丹波市,,https://www.city.tamba.lg.jp/,兵庫県
南あわじ市,,https://www.city.minamiawaji.hyogo.jp/,兵庫県
朝来市,,https://www.city.asago.hyogo.jp/,兵庫県
淡路市,,https://www.city.awaji.lg.jp/,兵庫県
宍粟市,,https://www.city.shiso.lg.jp/,兵庫県
加東市,,https://www.city.kato.lg.jp/,兵庫県
たつの市,,http://www.city.tatsuno.lg.jp/,兵庫県
猪名川町,,https://www.town.inagawa.lg.jp/renewal/,兵庫県
多可町,,https://www.takacho.jp/,兵庫県
稲美町,,https://www.town.hyogo-inami.lg.jp/,兵庫県
播磨町,,https://www.town.harima.lg.jp/,兵庫県
市川町,,https://www.town.ichikawa.lg.jp/forms/top/top.aspx,兵庫県
福崎町,,https://www.town.fukusaki.hyogo.jp/,兵庫県
神河町,,https://www.town.kamikawa.hyogo.jp/index.html,兵庫県
太子町,,https://www.town.hyogo-taishi.lg.jp/,兵庫県
上郡町,,http://www.town.kamigori.hyogo.jp/cms-sypher/www/index.jsp,兵庫県
佐用町,,https://www.town.sayo.lg.jp/cms-sypher/www/normal_top.jsp,兵庫県
香美町,,https://www.town.mikata-kami.lg.jp/www/toppage/0000000000000/APM03000.html,兵庫県
新温泉町,,https://www.town.shinonsen.hyogo.jp/,兵庫県
奈良市,,http://www.city.nara.lg.jp/www/toppage/0000000000000/APM03000.html,奈良県
大和高田市,,https://www.city.yamatotakada.nara.jp/,奈良県
大和郡山市,,https://www.city.yamatokoriyama.nara.jp/,奈良県
天理市,,https://www.city.tenri.nara.jp/,奈良県
橿原市,,https://www.city.kashihara.nara.jp/,奈良県
桜井市,,https://www.city.sakurai.lg.jp/,奈良県
五條市,,http://www.city.gojo.lg.jp/www/toppage/0000000000000/APM03000.html,奈良県
御所市,,https://www.city.gose.nara.jp/,奈良県
生駒市,,https://www.city.ikoma.lg.jp/,奈良県
香芝市,,https://www.city.kashiba.lg.jp/,奈良県
葛城市,,https://www.city.katsuragi.nara.jp/,奈良県
宇陀市,,https://www.city.uda.nara.jp/,奈良県
山添村,,https://www.vill.yamazoe.nara.jp/,奈良県
平群町,,http://www.town.heguri.nara.jp/,奈良県
三郷町,,https://www.town.sango.nara.jp/,奈良県
斑鳩町,,https://www.town.ikaruga.nara.jp/,奈良県
安堵町,,https://www.town.ando.nara.jp/,奈良県
川西町,,https://www.town.nara-kawanishi.lg.jp/,奈良県
三宅町,,https://www.town.miyake.lg.jp/,奈良県
田原本町,,https://www.town.tawaramoto.nara.jp/,奈良県
曽爾村,,https://www.vill.soni.nara.jp/forms/top/top.aspx,奈良県
御杖村,,https://www.vill.mitsue.nara.jp/,奈良県
高取町,,https://www.town.takatori.nara.jp/,奈良県
明日香村,,https://asukamura.jp/,奈良県
上牧町,,https://www.town.kanmaki.nara.jp/,奈良県
王寺町,,https://www.town.oji.nara.jp/,奈良県
広陵町,,https://www.town.koryo.nara.jp/,奈良県
河合町,,http://www.town.kawai.nara.jp/,奈良県
吉野町,,https://www.town.yoshino.nara.jp/,奈良県
大淀町,,https://www.town.oyodo.lg.jp/,奈良県
下市町,,https://www.town.shimoichi.lg.jp/,奈良県
黒滝村,,https://www.vill.kurotaki.nara.jp/,奈良県
天川村,,http://www.vill.tenkawa.nara.jp/,奈良県
野迫川村,,https://www.vill.nosegawa.nara.jp/,奈良県
十津川村,,https://www.vill.totsukawa.lg.jp/,奈良県
下北山村,,http://www.vill.shimokitayama.nara.jp/,奈良県
上北山村,,http://vill.kamikitayama.nara.jp/,奈良県
川上村,,http://www.vill.kawakami.nara.jp/,奈良県
東吉野村,,http://www.vill.higashiyoshino.nara.jp/,奈良県
和歌山市,,https://www.city.wakayama.wakayama.jp/,和歌山県
海南市,,https://www.city.kainan.wakayama.jp/,和歌山県
橋本市,,https://www.city.hashimoto.lg.jp/,和歌山県
有田市,,https://www.city.arida.lg.jp/,和歌山県
御坊市,,https://www.city.gobo.wakayama.jp/,和歌山県
田辺市,,https://www.city.tanabe.lg.jp/,和歌山県
新宮市,,https://www.city.shingu.lg.jp/forms/top/top.aspx,和歌山県
紀の川市,,http://www.city.kinokawa.lg.jp/,和歌山県
岩出市,,https://www.city.iwade.lg.jp/,和歌山県
紀美野町,,https://www.town.kimino.wakayama.jp/,和歌山県
かつらぎ町,,http://www.town.katsuragi.wakayama.jp/,和歌山県
九度山町,,https://www.town.kudoyama.wakayama.jp/,和歌山県
高野町,,https://www.town.koya.wakayama.jp/,和歌山県
湯浅町,,http://www.town.yuasa.wakayama.jp/,和歌山県
広川町,,https://www.town.hirogawa.wakayama.jp/,和歌山県
有田川町,,https://www.town.aridagawa.lg.jp/,和歌山県
美浜町,,http://www.town.mihama.wakayama.jp/,和歌山県
日高町,,http://www.town.wakayama-hidaka.lg.jp/,和歌山県
由良町,,http://www.town.yura.wakayama.jp/,和歌山県
印南町,,https://www.town.wakayama-inami.lg.jp/,和歌山県
みなべ町,,http://www.town.minabe.lg.jp/,和歌山県
日高川町,,http://www.town.hidakagawa.lg.jp/,和歌山県
白浜町,,https://www.town.shirahama.wakayama.jp/,和歌山県
上富田町,,https://www.town.kamitonda.lg.jp/,和歌山県
すさみ町,,http://www.town.susami.lg.jp/,和歌山県
那智勝浦町,,https://www.town.nachikatsuura.wakayama.jp/forms/top/top.aspx,和歌山県
太地町,,http://www.town.taiji.lg.jp/,和歌山県
古座川町,,http://www.town.kozagawa.wakayama.jp/,和歌山県
北山村,,https://www.vill.kitayama.wakayama.jp/,和歌山県
串本町,,https://www.town.kushimoto.wakayama.jp/,和歌山県
鳥取市,,https://www.city.tottori.lg.jp/www/toppage/0000000000000/APM03000.html,鳥取県
米子市,,https://www.city.yonago.lg.jp/,鳥取県
倉吉市,,https://www.city.kurayoshi.lg.jp/,鳥取県
境港市,,https://www.city.sakaiminato.lg.jp/,鳥取県
岩美町,,https://www.iwami.gr.jp/,鳥取県
若桜町,,http://www.town.wakasa.tottori.jp/,鳥取県
智頭町,,http://www1.town.chizu.tottori.jp/,鳥取県
八頭町,,http://www.town.yazu.tottori.jp/,鳥取県
三朝町,,http://www.town.misasa.tottori.jp/,鳥取県
湯梨浜町,,https://www.yurihama.jp/,鳥取県
琴浦町,,https://www.town.kotoura.tottori.jp/,鳥取県
北栄町,,https://www.e-hokuei.net/,鳥取県
日吉津村,,http://www.hiezu.jp/,鳥取県
大山町,,https://www.daisen.jp/,鳥取県
南部町,,https://www.town.nanbu.tottori.jp/,鳥取県
伯耆町,,https://www.houki-town.jp/,鳥取県
日南町,,http://www.town.nichinan.lg.jp/,鳥取県
日野町,,https://www.town.hino.tottori.jp/,鳥取県
江府町,,http://www.town-kofu.jp/,鳥取県
松江市,,https://www.city.matsue.shimane.jp/,島根県
浜田市,,http://www.city.hamada.shimane.jp/www/toppage/0000000000000/APM03000.html,島根県
出雲市,,http://www.city.izumo.shimane.jp/www/toppage/0000000000000/APM03000.html,島根県
益田市,,https://www.city.masuda.lg.jp/,島根県
大田市,,https://www.city.ohda.lg.jp/,島根県
安来市,,https://www.city.yasugi.shimane.jp/,島根県
江津市,,https://www.city.gotsu.lg.jp/,島根県
雲南市,,https://www.city.unnan.shimane.jp/unnan/,島根県
奥出雲町,,https://www.town.okuizumo.shimane.jp/,島根県
飯南町,,http://www.iinan.jp/,島根県
川本町,,http://www.town.shimane-kawamoto.lg.jp/,島根県
美郷町,,http://www.town.shimane-misato.lg.jp/,島根県
邑南町,,https://www.town.ohnan.lg.jp/www/index.html,島根県
津和野町,,http://www.town.tsuwano.lg.jp/,島根県
吉賀町,,https://www.town.yoshika.lg.jp/,島根県
海士町,,https://www.town.ama.shimane.jp/,島根県
西ノ島町,,http://www.town.nishinoshima.shimane.jp/,島根県
知夫村,,http://www.vill.chibu.lg.jp/,島根県
隠岐の島町,,https://www.town.okinoshima.shimane.jp/www/index.html,島根県
岡山市,,http://www.city.okayama.jp/,岡山県
倉敷市,,https://www.city.kurashiki.okayama.jp/,岡山県
津山市,,https://www.city.tsuyama.lg.jp/,岡山県
玉野市,,https://www.city.tamano.lg.jp/,岡山県
笠岡市,,https://www.city.kasaoka.okayama.jp/,岡山県
井原市,,http://www.city.ibara.okayama.jp/,岡山県
総社市,,https://www.city.soja.okayama.jp/,岡山県
高梁市,,https://www.city.takahashi.lg.jp/,岡山県
新見市,,https://www.city.niimi.okayama.jp/,岡山県
備前市,,http://www.city.bizen.okayama.jp/,岡山県
瀬戸内市,,https://www.city.setouchi.lg.jp/,岡山県
赤磐市,,https://www.city.akaiwa.lg.jp/,岡山県
真庭市,,http://www.city.maniwa.lg.jp/webapps/www/top.jsp,岡山県
美作市,,http://www.city.mimasaka.lg.jp/,岡山県
浅口市,,https://www.city.asakuchi.lg.jp/,岡山県
和気町,,https://www.town.wake.lg.jp/,岡山県
早島町,,http://www.town.hayashima.lg.jp/,岡山県
里庄町,,https://www.town.satosho.okayama.jp/,岡山県
矢掛町,,http://www.town.yakage.lg.jp/,岡山県
新庄村,,http://www.vill.shinjo.okayama.jp/,岡山県
鏡野町,,https://www.town.kagamino.lg.jp/,岡山県
勝央町,,https://www.town.shoo.lg.jp/,岡山県
奈義町,,http://www.town.nagi.okayama.jp/,岡山県
西粟倉村,,http://www.vill.nishiawakura.okayama.jp/wp/,岡山県
久米南町,,http://www.town.kumenan.okayama.jp/,岡山県
美咲町,,https://www.town.misaki.okayama.jp/,岡山県
吉備中央町,,https://www.town.kibichuo.lg.jp/,岡山県
広島市,,http://www.city.hiroshima.lg.jp/,広島県
呉市,,https://www.city.kure.lg.jp/,広島県
竹原市,,https://www.city.takehara.lg.jp/,広島県
三原市,,https://www.city.mihara.hiroshima.jp/,広島県
尾道市,,http://www.city.onomichi.hiroshima.jp/,広島県
福山市,,https://www.city.fukuyama.hiroshima.jp/,広島県
府中市,,https://www.city.fuchu.hiroshima.jp/,広島県
三次市,,https://www.city.miyoshi.hiroshima.jp/index.html,広島県
庄原市,,https://www.city.shobara.hiroshima.jp/,広島県
大竹市,,https://www.city.otake.hiroshima.jp/,広島県
東広島市,,https://www.city.higashihiroshima.hiroshima.jp/,広島県
廿日市市,,https://www.city.hatsukaichi.hiroshima.jp/,広島県
安芸高田市,,https://www.akitakata.jp/ja/,広島県
江田島市,,https://www.city.etajima.hiroshima.jp/cms/,広島県
府中町,,https://www.town.fuchu.hiroshima.jp/,広島県
海田町,,https://www.town.kaita.lg.jp/,広島県
熊野町,,http://www.town.kumano.hiroshima.jp/,広島県
坂町,,http://www.town.saka.lg.jp/,広島県
安芸太田町,,http://www.akiota.jp/,広島県
北広島町,,https://www.town.kitahiroshima.lg.jp/,広島県
大崎上島町,,http://www.town.osakikamijima.hiroshima.jp/,広島県
世羅町,,http://www.town.sera.hiroshima.jp/,広島県
神石高原町,,http://www.jinsekigun.jp/,広島県
下関市,,http://www.city.shimonoseki.lg.jp/www/toppage/0000000000000/APM03000.html,山口県
宇部市,,https://www.city.ube.yamaguchi.jp/,山口県
山口市,,https://www.city.yamaguchi.lg.jp/,山口県
萩市,,https://www.city.hagi.lg.jp/,山口県
防府市,,https://www.city.hofu.yamaguchi.jp/,山口県
下松市,,https://www.city.kudamatsu.lg.jp/,山口県
岩国市,,https://www.city.iwakuni.lg.jp/,山口県
光市,,https://www.city.hikari.lg.jp/,山口県
長門市,,https://www.city.nagato.yamaguchi.jp/,山口県
柳井市,,https://www.city-yanai.jp/,山口県
美祢市,,http://www2.city.mine.lg.jp/www/toppage/0000000000000/APM03000.html,山口県
周南市,,https://www.city.shunan.lg.jp/,山口県
山陽小野田市,,https://www.city.sanyo-onoda.lg.jp/,山口県
周防大島町,,https://www.town.suo-oshima.lg.jp/,山口県
和木町,,http://www.town.waki.lg.jp/,山口県
上関町,,http://www.town.kaminoseki.lg.jp/,山口県
田布施町,,http://www.town.tabuse.lg.jp/www/index.html,山口県
平生町,,https://www.town.hirao.lg.jp/,山口県
阿武町,,http://www.town.abu.lg.jp/,山口県
徳島市,,https://www.city.tokushima.tokushima.jp/,徳島県
鳴門市,,https://www.city.naruto.tokushima.jp/,徳島県
小松島市,,https://www.city.komatsushima.tokushima.jp/,徳島県
阿南市,,http://www.city.anan.tokushima.jp/,徳島県
吉野川市,,http://www.city.yoshinogawa.lg.jp/,徳島県
阿波市,,https://www.city.awa.lg.jp/,徳島県
美馬市,,http://www.city.mima.lg.jp/,徳島県
三好市,,https://www.city-miyoshi.jp/,徳島県
勝浦町,,http://www.town.katsuura.lg.jp/,徳島県
上勝町,,http://www.kamikatsu.jp/,徳島県
佐那河内村,,http://www.vill.sanagochi.lg.jp/,徳島県
石井町,,http://www.town.ishii.lg.jp/,徳島県
神山町,,https://www.town.kamiyama.lg.jp/,徳島県
那賀町,,http://www.town.tokushima-naka.lg.jp/,徳島県
牟岐町,,https://www.town.tokushima-mugi.lg.jp/,徳島県
美波町,,https://www.town.minami.tokushima.jp/,徳島県
海陽町,,https://www.town.kaiyo.lg.jp/,徳島県
松茂町,,https://www.town.matsushige.tokushima.jp/,徳島県
北島町,,https://www.town.kitajima.lg.jp/,徳島県
藍住町,,https://www.town.aizumi.lg.jp/,徳島県
板野町,,http://www.town.itano.tokushima.jp/,徳島県
上板町,,https://www.townkamiita.jp/,徳島県
つるぎ町,,https://www.town.tokushima-tsurugi.lg.jp/,徳島県
東みよし町,,https://www.town.higashimiyoshi.lg.jp/,徳島県
高松市,,https://www.city.takamatsu.kagawa.jp/,香川県
丸亀市,,https://www.city.marugame.lg.jp/,香川県
坂出市,,https://www.city.sakaide.lg.jp/,香川県
善通寺市,,https://www.city.zentsuji.kagawa.jp/,香川県
観音寺市,,https://www.city.kanonji.kagawa.jp/,香川県
さぬき市,,https://www.city.sanuki.kagawa.jp/,香川県
東かがわ市,,https://www.higashikagawa.jp/,香川県
三豊市,,https://www.city.mitoyo.lg.jp/forms/top/top.aspx,香川県
土庄町,,http://www.town.tonosho.kagawa.jp/,香川県
小豆島町,,http://www.town.shodoshima.lg.jp/,香川県
三木町,,https://www.town.miki.lg.jp/,香川県
直島町,,http://www.town.naoshima.lg.jp/,香川県
宇多津町,,https://www.town.utazu.lg.jp/,香川県
綾川町,,https://www.town.ayagawa.lg.jp/,香川県
琴平町,,http://www.town.kotohira.kagawa.jp/,香川県
多度津町,,https://www.town.tadotsu.kagawa.jp/,香川県
まんのう町,,https://www.town.manno.lg.jp/,香川県
松山市,,https://www.city.matsuyama.ehime.jp/,愛媛県
今治市,,https://www.city.imabari.ehime.jp/,愛媛県
宇和島市,,https://www.city.uwajima.ehime.jp/,愛媛県
八幡浜市,,http://www.city.yawatahama.ehime.jp/,愛媛県
新居浜市,,https://www.city.niihama.lg.jp/,愛媛県
西条市,,https://www.city.saijo.ehime.jp/,愛媛県
大洲市,,https://www.city.ozu.ehime.jp/,愛媛県
伊予市,,https://www.city.iyo.lg.jp/,愛媛県
四国中央市,,https://www.city.shikokuchuo.ehime.jp/,愛媛県
西予市,,https://www.city.seiyo.ehime.jp/,愛媛県
東温市,,http://www.city.toon.ehime.jp/,愛媛県
上島町,,https://www.town.kamijima.lg.jp,愛媛県
久万高原町,,https://www.kumakogen.jp/,愛媛県
松前町,,https://www.town.masaki.ehime.jp/,愛媛県
砥部町,,https://www.town.tobe.ehime.jp/,愛媛県
内子町,,https://www.town.uchiko.ehime.jp/,愛媛県
伊方町,,https://www.town.ikata.ehime.jp/,愛媛県
松野町,,https://www.town.matsuno.ehime.jp/,愛媛県
鬼北町,,https://www.town.kihoku.ehime.jp/,愛媛県
愛南町,,https://www.town.ainan.ehime.jp/,愛媛県
高知市,,https://www.city.kochi.kochi.jp/,高知県
室戸市,,https://www.city.muroto.kochi.jp/,高知県
安芸市,,https://www.city.aki.kochi.jp/,高知県
南国市,,https://www.city.nankoku.lg.jp/,高知県
土佐市,,http://www.city.tosa.lg.jp/,高知県
須崎市,,https://www.city.susaki.lg.jp/,高知県
宿毛市,,http://www.city.sukumo.kochi.jp/,高知県
土佐清水市,,https://www.city.tosashimizu.kochi.jp/,高知県
四万十市,,http://www.city.shimanto.lg.jp/,高知県
香南市,,https://www.city.kochi-konan.lg.jp/,高知県
香美市,,https://www.city.kami.lg.jp/,高知県
東洋町,,https://www.town.toyo.kochi.jp/,高知県
奈半利町,,http://www.town.nahari.kochi.jp/,高知県
田野町,,https://www.chugei.or.jp/tano/,高知県
安田町,,https://www.town.yasuda.kochi.jp/,高知県
北川村,,http://www.kitagawamura.jp/,高知県
馬路村,,http://www.vill.umaji.kochi.jp/,高知県
芸西村,,https://www.vill.geisei.kochi.jp/,高知県
本山町,,https://www.town.motoyama.kochi.jp/,高知県
大豊町,,http://www.town.otoyo.kochi.jp/,高知県
土佐町,,https://www.town.tosa.kochi.jp/,高知県
大川村,,https://www.vill.okawa.kochi.jp/,高知県
いの町,,http://www.town.ino.kochi.jp/,高知県
仁淀川町,,https://www.town.niyodogawa.lg.jp/,高知県
中土佐町,,https://www.town.nakatosa.lg.jp/,高知県
佐川町,,http://www.town.sakawa.lg.jp/,高知県
越知町,,http://www.town.ochi.kochi.jp/,高知県
檮原町,,http://www.town.yusuhara.kochi.jp/,高知県
日高村,,https://www.vill.hidaka.kochi.jp/,高知県
津野町,,https://town.kochi-tsuno.lg.jp/,高知県
四万十町,,https://www.town.shimanto.lg.jp/,高知県
大月町,,https://www.town.otsuki.kochi.jp/,高知県
三原村,,http://www.vill.mihara.kochi.jp/,高知県
黒潮町,,https://www.town.kuroshio.lg.jp/,高知県
北九州市,,https://www.city.kitakyushu.lg.jp/,福岡県
福岡市,,https://www.city.fukuoka.lg.jp/,福岡県
大牟田市,,https://www.city.omuta.lg.jp/,福岡県
久留米市,,https://www.city.kurume.fukuoka.jp/,福岡県
直方市,,https://www.city.nogata.fukuoka.jp/,福岡県
飯塚市,,https://www.city.iizuka.lg.jp/,福岡県
田川市,,https://www.joho.tagawa.fukuoka.jp/,福岡県
柳川市,,https://www.city.yanagawa.fukuoka.jp/,福岡県
八女市,,https://www.city.yame.fukuoka.jp/,福岡県
筑後市,,https://www.city.chikugo.lg.jp/,福岡県
大川市,,https://www.city.okawa.fukuoka.jp/,福岡県
行橋市,,http://www.city.yukuhashi.lg.jp/,福岡県
豊前市,,https://www.city.buzen.lg.jp/,福岡県
中間市,,https://www.city.nakama.lg.jp/,福岡県
小郡市,,https://www.city.ogori.fukuoka.jp/,福岡県
筑紫野市,,https://www.city.chikushino.fukuoka.jp/index.html,福岡県
春日市,,https://www.city.kasuga.fukuoka.jp/,福岡県
大野城市,,https://www.city.onojo.fukuoka.jp/,福岡県
宗像市,,https://www.city.munakata.lg.jp/,福岡県
太宰府市,,https://www.city.dazaifu.lg.jp/,福岡県
古賀市,,https://www.city.koga.fukuoka.jp/,福岡県
福津市,,https://city.fukutsu.lg.jp/,福岡県
うきは市,,https://www.city.ukiha.fukuoka.jp/,福岡県
宮若市,,https://www.city.miyawaka.lg.jp/,福岡県
嘉麻市,,http://www.city.kama.lg.jp/,福岡県
朝倉市,,https://www.city.asakura.lg.jp/www/toppage/0000000000000/APM03000.html,福岡県
みやま市,,http://www.city.miyama.lg.jp/,福岡県
糸島市,,https://www.city.itoshima.lg.jp/,福岡県
那珂川市,,,福岡県
宇美町,,https://www.town.umi.lg.jp/,福岡県
篠栗町,,https://www.town.sasaguri.fukuoka.jp/,福岡県
志免町,,https://www.town.shime.lg.jp/,福岡県
須惠町,,,福岡県
新宮町,,https://www.town.shingu.fukuoka.jp/,福岡県
久山町,,https://www.town.hisayama.fukuoka.jp/fullflash/index.html,福岡県
粕屋町,,https://www.town.kasuya.fukuoka.jp/,福岡県
芦屋町,,https://www.town.ashiya.lg.jp/,福岡県
水巻町,,https://www.town.mizumaki.lg.jp/,福岡県
岡垣町,,https://www.town.okagaki.lg.jp/,福岡県
遠賀町,,http://www.town.onga.lg.jp/,福岡県
小竹町,,https://town.kotake.lg.jp/,福岡県
鞍手町,,http://www.town.kurate.lg.jp/,福岡県
桂川町,,http://www.town.keisen.fukuoka.jp/,福岡県
筑前町,,https://www.town.chikuzen.fukuoka.jp/,福岡県
東峰村,,http://www1.vill.toho.fukuoka.jp/,福岡県
大刀洗町,,https://www.town.tachiarai.fukuoka.jp/opening/,福岡県
大木町,,https://www.town.ooki.lg.jp/,福岡県
広川町,,https://www.town.hirokawa.fukuoka.jp/,福岡県
香春町,,https://www.town.kawara.fukuoka.jp/,福岡県
添田町,,https://www.town.soeda.fukuoka.jp/,福岡県
糸田町,,https://www.town.itoda.lg.jp/,福岡県
川崎町,,https://www.town-kawasaki.com/,福岡県
大任町,,http://www.town.oto.fukuoka.jp/,福岡県
赤村,,https://www.akamura.net/,福岡県
福智町,,https://www.town.fukuchi.lg.jp/,福岡県
苅田町,,https://www.town.kanda.lg.jp/,福岡県
みやこ町,,https://www.town.miyako.lg.jp/,福岡県
吉富町,,https://www.town.yoshitomi.lg.jp/,福岡県
上毛町,,https://www.town.koge.lg.jp/,福岡県
築上町,,https://www.town.chikujo.fukuoka.jp/,福岡県
佐賀市,,https://www.city.saga.lg.jp/,佐賀県
唐津市,,https://www.city.karatsu.lg.jp/,佐賀県
鳥栖市,,https://www.city.tosu.lg.jp/,佐賀県
多久市,,https://www.city.taku.lg.jp/,佐賀県
伊万里市,,https://www.city.imari.saga.jp/,佐賀県
武雄市,,https://www.city.takeo.lg.jp/,佐賀県
鹿島市,,https://www.city.saga-kashima.lg.jp/,佐賀県
小城市,,https://www.city.ogi.lg.jp/,佐賀県
嬉野市,,https://www.city.ureshino.lg.jp/,佐賀県
神埼市,,https://www.city.kanzaki.saga.jp/,佐賀県
吉野ヶ里町,,https://www.town.yoshinogari.saga.jp/,佐賀県
基山町,,https://www.town.kiyama.lg.jp/,佐賀県
上峰町,,https://www.town.kamimine.lg.jp/,佐賀県
みやき町,,https://www.town.miyaki.lg.jp/,佐賀県
玄海町,,https://www.town.genkai.saga.jp/,佐賀県
有田町,,https://www.town.arita.lg.jp/,佐賀県
大町町,,http://www.town.omachi.saga.jp/,佐賀県
江北町,,https://www.town.kouhoku.saga.jp/,佐賀県
白石町,,https://www.town.shiroishi.lg.jp/,佐賀県
太良町,,https://www.town.tara.lg.jp/,佐賀県
長崎市,,https://www.city.nagasaki.lg.jp/,長崎県
佐世保市,,https://www.city.sasebo.lg.jp/,長崎県
島原市,,https://www.city.shimabara.lg.jp/,長崎県
諫早市,,https://www.city.isahaya.nagasaki.jp/,長崎県
大村市,,https://www.city.omura.nagasaki.jp/,長崎県
平戸市,,https://www.city.hirado.nagasaki.jp/,長崎県
松浦市,,http://www.city-matsuura.jp/www/toppage/0000000000000/APM03000.html,長崎県
対馬市,,https://www.city.tsushima.nagasaki.jp/,長崎県
壱岐市,,https://www.city.iki.nagasaki.jp/,長崎県
五島市,,https://www.city.goto.nagasaki.jp/,長崎県
西海市,,https://www.city.saikai.nagasaki.jp/,長崎県
雲仙市,,https://www.city.unzen.nagasaki.jp/,長崎県
南島原市,,https://www.city.minamishimabara.lg.jp/,長崎県
長与町,,https://webtown.nagayo.jp/,長崎県
時津町,,https://www.town.togitsu.nagasaki.jp/,長崎県
東彼杵町,,http://www.sonogi.jp/,長崎県
川棚町,,http://www.kawatana.jp/,長崎県
波佐見町,,https://www.town.hasami.nagasaki.jp/,長崎県
小値賀町,,http://ojika.net/,長崎県
佐々町,,https://www.sazacho-nagasaki.jp/,長崎県
新上五島町,,https://official.shinkamigoto.net/,長崎県
熊本市,,https://www.city.kumamoto.jp/,熊本県
八代市,,https://www.city.yatsushiro.lg.jp/,熊本県
人吉市,,https://www.city.hitoyoshi.lg.jp/,熊本県
荒尾市,,https://www.city.arao.lg.jp/,熊本県
水俣市,,http://www.city.minamata.lg.jp/,熊本県
玉名市,,https://www.city.tamana.lg.jp/,熊本県
山鹿市,,https://www.city.yamaga.kumamoto.jp/www/toppage/0000000000000/APM03000.html,熊本県
菊池市,,https://www.city.kikuchi.lg.jp/,熊本県
宇土市,,https://www.city.uto.kumamoto.jp/,熊本県
上天草市,,https://www.city.kamiamakusa.kumamoto.jp/,熊本県
宇城市,,https://www.city.uki.kumamoto.jp/,熊本県
阿蘇市,,http://www.city.aso.kumamoto.jp/,熊本県
天草市,,https://www.city.amakusa.kumamoto.jp/,熊本県
合志市,,https://www.city.koshi.lg.jp/,熊本県
美里町,,https://www.town.kumamoto-misato.lg.jp/,熊本県
玉東町,,https://www.town.gyokuto.kumamoto.jp/,熊本県
南関町,,https://www.town.nankan.lg.jp/,熊本県
長洲町,,https://www.town.nagasu.lg.jp/index.html,熊本県
和水町,,https://www.town.nagomi.lg.jp/,熊本県
大津町,,https://www.town.ozu.kumamoto.jp/,熊本県
菊陽町,,http://www.town.kikuyo.lg.jp/,熊本県
南小国町,,http://www.town.minamioguni.kumamoto.jp/,熊本県
小国町,,https://www.town.kumamoto-oguni.lg.jp/,熊本県
産山村,,http://www.ubuyama-v.jp/,熊本県
高森町,,https://www.town.takamori.kumamoto.jp/,熊本県
西原村,,https://www.vill.nishihara.kumamoto.jp/,熊本県
南阿蘇村,,https://www.vill.minamiaso.lg.jp/,熊本県
御船町,,https://www.town.mifune.kumamoto.jp/,熊本県
嘉島町,,https://www.town.kashima.kumamoto.jp/,熊本県
益城町,,https://www.town.mashiki.lg.jp/,熊本県
甲佐町,,https://www.town.kosa.kumamoto.jp/,熊本県
山都町,,https://www.town.kumamoto-yamato.lg.jp/,熊本県
氷川町,,https://www.hikawacyou.hinokuni-net.jp/,熊本県
芦北町,,https://www.ashikita-t.kumamoto-sgn.jp/www/toppage/0000000000000/APM03000.html,熊本県
津奈木町,,https://www.town.tsunagi.lg.jp/,熊本県
錦町,,http://www.nishiki-machi.com/,熊本県
多良木町,,https://www.town.taragi.lg.jp/,熊本県
湯前町,,https://www.town.yunomae.lg.jp/,熊本県
水上村,,https://www.vill.mizukami.lg.jp/,熊本県
相良村,,https://www.vill.sagara.lg.jp/,熊本県
五木村,,https://www.vill.itsuki.lg.jp/,熊本県
山江村,,https://www.vill.yamae.lg.jp/,熊本県
球磨村,,https://www.kumamura.com/,熊本県
あさぎり町,,https://www.town.asagiri.lg.jp/,熊本県
苓北町,,https://reihoku-kumamoto.jp/,熊本県
大分市,,https://www.city.oita.oita.jp/,大分県
別府市,,https://www.city.beppu.oita.jp/,大分県
中津市,,https://www.city-nakatsu.jp/,大分県
日田市,,https://www.city.hita.oita.jp/,大分県
佐伯市,,https://www.city.saiki.oita.jp/,大分県
臼杵市,,https://www.city.usuki.oita.jp/,大分県
津久見市,,https://www.city.tsukumi.oita.jp/,大分県
竹田市,,https://www.city.taketa.oita.jp/,大分県
豊後高田市,,https://www.city.bungotakada.oita.jp/,大分県
杵築市,,https://www.city.kitsuki.lg.jp/,大分県
宇佐市,,https://www.city.usa.oita.jp/,大分県
豊後大野市,,https://www.bungo-ohno.jp/,大分県
由布市,,https://www.city.yufu.oita.jp/,大分県
国東市,,https://www.city.kunisaki.oita.jp/,大分県
姫島村,,http://www.himeshima.jp/,大分県
日出町,,https://www.town.hiji.lg.jp/,大分県
九重町,,https://www.town.kokonoe.oita.jp/,大分県
玖珠町,,https://www.town.kusu.oita.jp/,大分県
宮崎市,,https://www.city.miyazaki.miyazaki.jp/,宮崎県
都城市,,http://www.city.miyakonojo.miyazaki.jp/,宮崎県
延岡市,,https://www.city.nobeoka.miyazaki.jp/,宮崎県
日南市,,https://www.city.nichinan.lg.jp/,宮崎県
小林市,,http://www.city.kobayashi.lg.jp/,宮崎県
日向市,,https://www.hyugacity.jp/,宮崎県
串間市,,http://www.city.kushima.lg.jp/,宮崎県
西都市,,https://www.saito-city.jp/,宮崎県
えびの市,,https://www.city.ebino.lg.jp/,宮崎県
三股町,,https://www.town.mimata.lg.jp/,宮崎県
高原町,,https://www.town.takaharu.lg.jp/,宮崎県
国富町,,http://www.town.kunitomi.miyazaki.jp/,宮崎県
綾町,,https://www.town.aya.miyazaki.jp/ayatown/,宮崎県
高鍋町,,http://www.town.takanabe.lg.jp/,宮崎県
新富町,,http://www.town.shintomi.lg.jp/,宮崎県
西米良村,,https://www.vill.nishimera.lg.jp/,宮崎県
木城町,,http://www.kijo.jp/,宮崎県
川南町,,https://www.town.kawaminami.miyazaki.jp/,宮崎県
都農町,,https://www.town.tsuno.lg.jp/,宮崎県
門川町,,https://www.town.kadogawa.lg.jp/,宮崎県
諸塚村,,https://www.vill.morotsuka.miyazaki.jp/,宮崎県
椎葉村,,https://www.vill.shiiba.miyazaki.jp/,宮崎県
美郷町,,https://www.town.miyazaki-misato.lg.jp/,宮崎県
高千穂町,,https://www.town-takachiho.jp/,宮崎県
日之影町,,http://www.town.hinokage.lg.jp/,宮崎県
五ヶ瀬町,,https://www.town.gokase.miyazaki.jp/,宮崎県
鹿児島市,,https://www.city.kagoshima.lg.jp/,鹿児島県
鹿屋市,,https://www.e-kanoya.net/index.html,鹿児島県
枕崎市,,https://www.city.makurazaki.lg.jp/,鹿児島県
阿久根市,,http://www.city.akune.kagoshima.jp/,鹿児島県
出水市,,https://www.city.kagoshima-izumi.lg.jp/,鹿児島県
指宿市,,https://www.city.ibusuki.lg.jp/,鹿児島県
西之表市,,https://www.city.nishinoomote.lg.jp/,鹿児島県
垂水市,,https://www.city.tarumizu.lg.jp/,鹿児島県
薩摩川内市,,https://www.city.satsumasendai.lg.jp/www/index.html,鹿児島県
日置市,,https://www.city.hioki.kagoshima.jp/,鹿児島県
曽於市,,https://www.city.soo.kagoshima.jp/,鹿児島県
霧島市,,https://www.city-kirishima.jp/,鹿児島県
いちき串木野市,,https://www.city.ichikikushikino.lg.jp/,鹿児島県
南さつま市,,http://www.city.minamisatsuma.lg.jp/,鹿児島県
志布志市,,http://www.city.shibushi.lg.jp/,鹿児島県
奄美市,,https://www.city.amami.lg.jp/,鹿児島県
南九州市,,https://www.city.minamikyushu.lg.jp/,鹿児島県
伊佐市,,https://www.city.isa.kagoshima.jp/,鹿児島県
姶良市,,https://www.city.aira.lg.jp/,鹿児島県
三島村,,http://mishimamura.com/,鹿児島県
十島村,,http://www.tokara.jp/,鹿児島県
さつま町,,https://www.satsuma-net.jp/,鹿児島県
長島町,,https://www.town.nagashima.lg.jp/,鹿児島県
湧水町,,https://www.town.yusui.kagoshima.jp/,鹿児島県
大崎町,,https://www.town.kagoshima-osaki.lg.jp/,鹿児島県
東串良町,,http://www.higashikushira.com/,鹿児島県
錦江町,,https://www.town.kinko.lg.jp/,鹿児島県
南大隅町,,https://www.town.minamiosumi.lg.jp/,鹿児島県
肝付町,,https://kimotsuki-town.jp/,鹿児島県
中種子町,,https://town.nakatane.kagoshima.jp/,鹿児島県
南種子町,,http://www.town.minamitane.kagoshima.jp/,鹿児島県
屋久島町,,https://www.town.yakushima.kagoshima.jp,鹿児島県
大和村,,https://www.vill.yamato.lg.jp/,鹿児島県
宇検村,,https://www.uken.net/,鹿児島県
瀬戸内町,,https://www.town.setouchi.lg.jp/,鹿児島県
龍郷町,,https://www.town.tatsugo.lg.jp/,鹿児島県
喜界町,,https://www.town.kikai.lg.jp/,鹿児島県
徳之島町,,https://www.tokunoshima-town.org/,鹿児島県
天城町,,https://www.yui-amagi.com/modules/pico/,鹿児島県
伊仙町,,http://www.town.isen.kagoshima.jp/,鹿児島県
和泊町,,https://www.town.wadomari.lg.jp/,鹿児島県
知名町,,https://www.town.china.lg.jp/,鹿児島県
与論町,,http://www.yoron.jp/,鹿児島県
那覇市,,https://www.city.naha.okinawa.jp/,沖縄県
宜野湾市,,http://www.city.ginowan.okinawa.jp/,沖縄県
石垣市,,http://www.city.ishigaki.okinawa.jp/,沖縄県
浦添市,,https://www.city.urasoe.lg.jp/,沖縄県
名護市,,http://www.city.nago.okinawa.jp/,沖縄県
糸満市,,https://www.city.itoman.lg.jp/,沖縄県
沖縄市,,https://www.city.okinawa.okinawa.jp/,沖縄県
豊見城市,,http://www.city.tomigusuku.okinawa.jp/,沖縄県
うるま市,,https://www.city.uruma.lg.jp/,沖縄県
宮古島市,,https://www.city.miyakojima.lg.jp/,沖縄県
南城市,,http://www.city.nanjo.okinawa.jp/,沖縄県
国頭村,,http://www.vill.kunigami.okinawa.jp/,沖縄県
大宜味村,,http://www.vill.ogimi.okinawa.jp/,沖縄県
東村,,http://www.vill.higashi.okinawa.jp/index.jsp,沖縄県
今帰仁村,,https://www.nakijin.jp/,沖縄県
本部町,,http://www.town.motobu.okinawa.jp/,沖縄県
恩納村,,https://www.vill.onna.okinawa.jp/,沖縄県
宜野座村,,http://www.vill.ginoza.okinawa.jp/,沖縄県
金武町,,https://www.town.kin.okinawa.jp/,沖縄県
伊江村,,https://www.iejima.org/,沖縄県
読谷村,,https://www.yomitan.jp/,沖縄県
嘉手納町,,http://www.town.kadena.okinawa.jp/,沖縄県
北谷町,,https://www.chatan.jp/,沖縄県
北中城村,,https://www.vill.kitanakagusuku.lg.jp/,沖縄県
中城村,,https://www.vill.nakagusuku.okinawa.jp/index.jsp,沖縄県
西原町,,http://www.town.nishihara.okinawa.jp/,沖縄県
与那原町,,https://www.town.yonabaru.okinawa.jp/,沖縄県
南風原町,,https://www.town.haebaru.lg.jp/,沖縄県
渡嘉敷村,,http://www.vill.tokashiki.okinawa.jp/,沖縄県
座間味村,,https://www.vill.zamami.okinawa.jp/,沖縄県
粟国村,,http://www.vill.aguni.okinawa.jp/,沖縄県
渡名喜村,,http://www.vill.tonaki.okinawa.jp/index.jsp,沖縄県
南大東村,,http://www.vill.minamidaito.okinawa.jp/,沖縄県
北大東村,,http://vill.kitadaito.okinawa.jp/,沖縄県
伊平屋村,,http://www.vill.iheya.okinawa.jp/,沖縄県
伊是名村,,https://vill.izena.okinawa.jp/,沖縄県
久米島町,,http://www.town.kumejima.okinawa.jp/,沖縄県
八重瀬町,,http://www.town.yaese.lg.jp/,沖縄県
多良間村,,http://www.vill.tarama.okinawa.jp/,沖縄県
竹富町,,https://www.town.taketomi.lg.jp/,沖縄県
与那国町,,https://www.town.yonaguni.okinawa.jp/,沖縄県